{
  "id" : "user/12202454891883194135/state/com.google/broadcast",
  "title" : "Elementele distribuite de darcu în Google Reader",
  "author" : "darcu",
  "updated" : 1280816915,
  "direction" : "ltr",
  "items" : [ {
    "isReadStateLocked" : true,
    "crawlTimeMsec" : "1280816915226",
    "timestampUsec" : "1280816915226450",
    "id" : "tag:google.com,2005:reader/item/058fd2c884ab37aa",
    "categories" : [ "user/12202454891883194135/state/com.google/broadcast", "user/12202454891883194135/state/com.google/read", "TC", "grou.ps", "grouply", "Ning" ],
    "title" : "It’s A WinWin, Grou.ps Launches Referral Program For Ning Exiles",
    "published" : 1280761359,
    "updated" : 1280761359,
    "alternate" : [ {
      "href" : "http://feedproxy.google.com/~r/Techcrunch/~3/D1MmR06PErM/",
      "type" : "text/html"
    } ],
    "canonical" : [ {
      "href" : "http://techcrunch.com/2010/08/02/its-a-winwin-grou-ps-launches-referral-program-for-ning-exiles/"
    } ],
    "content" : {
      "direction" : "ltr",
      "content" : "<img alt=\"\" src=\"http://www.crunchbase.com/assets/images/resized/0001/7544/17544v1-max-250x250.png\" title=\"Grou.ps logo\" width=\"222\" height=\"80\">Hoping to cash in further on Ning's <a href=\"http://techcrunch.com/2010/04/15/nings-bubble-bursts-no-more-free-networks-cuts-40-of-staff/\">shuttering</a> of its free version, competitor <a href=\"http://grou.ps/\">Grou.ps</a> is upping the ante with the launch of \"WinWin\", a referral program directly targeting so-called Ning exiles.\n\nThe service claims to have already migrated more than 50,000 <a href=\"http://www.ning.com/\">Ning</a> networks, making it the largest \"do-it-yourself social networking platform\", and hopes to continue this trend by rewarding new converts and those who encourage others to follow suit. Specifically, Grou.ps will be dishing out credits which can be converted into a host of premium features such as extra bandwidth. The size of the reward is proportional to the size of the migrated network so the bigger the switcher, the more credits awarded to both the referrer and the owner of the converted network.<img alt=\"\" border=\"0\" src=\"http://stats.wordpress.com/b.gif?host=techcrunch.com&amp;blog=11718616&amp;post=203026&amp;subd=tctechcrunch&amp;ref=&amp;feed=1\"><p><iframe src=\"http://feedads.g.doubleclick.net/~ah/f/v7tfagih50mrtjprksjv4s1ftk/300/250?ca=1&amp;fh=280#http%3A%2F%2Ftechcrunch.com%2F2010%2F08%2F02%2Fits-a-winwin-grou-ps-launches-referral-program-for-ning-exiles%2F\" width=\"100%\" height=\"280\" frameborder=\"0\" scrolling=\"no\" marginwidth=\"0\" marginheight=\"0\"></iframe></p><div>\n<a href=\"http://feeds.feedburner.com/~ff/Techcrunch?a=D1MmR06PErM:5hkli_M1sR8:2mJPEYqXBVI\"><img src=\"http://feeds.feedburner.com/~ff/Techcrunch?d=2mJPEYqXBVI\" border=\"0\"></a> <a href=\"http://feeds.feedburner.com/~ff/Techcrunch?a=D1MmR06PErM:5hkli_M1sR8:7Q72WNTAKBA\"><img src=\"http://feeds.feedburner.com/~ff/Techcrunch?d=7Q72WNTAKBA\" border=\"0\"></a> <a href=\"http://feeds.feedburner.com/~ff/Techcrunch?a=D1MmR06PErM:5hkli_M1sR8:yIl2AUoC8zA\"><img src=\"http://feeds.feedburner.com/~ff/Techcrunch?d=yIl2AUoC8zA\" border=\"0\"></a> <a href=\"http://feeds.feedburner.com/~ff/Techcrunch?a=D1MmR06PErM:5hkli_M1sR8:-BTjWOF_DHI\"><img src=\"http://feeds.feedburner.com/~ff/Techcrunch?i=D1MmR06PErM:5hkli_M1sR8:-BTjWOF_DHI\" border=\"0\"></a> <a href=\"http://feeds.feedburner.com/~ff/Techcrunch?a=D1MmR06PErM:5hkli_M1sR8:D7DqB2pKExk\"><img src=\"http://feeds.feedburner.com/~ff/Techcrunch?i=D1MmR06PErM:5hkli_M1sR8:D7DqB2pKExk\" border=\"0\"></a> <a href=\"http://feeds.feedburner.com/~ff/Techcrunch?a=D1MmR06PErM:5hkli_M1sR8:qj6IDK7rITs\"><img src=\"http://feeds.feedburner.com/~ff/Techcrunch?d=qj6IDK7rITs\" border=\"0\"></a>\n</div><img src=\"http://feeds.feedburner.com/~r/Techcrunch/~4/D1MmR06PErM\" height=\"1\" width=\"1\">"
    },
    "author" : "Steve O'Hear",
    "comments" : [ ],
    "annotations" : [ ],
    "origin" : {
      "streamId" : "feed/http://feedproxy.google.com/TechCrunch",
      "title" : "TechCrunch",
      "htmlUrl" : "http://techcrunch.com"
    }
  }, {
    "isReadStateLocked" : true,
    "crawlTimeMsec" : "1268293806447",
    "timestampUsec" : "1268293806447854",
    "id" : "tag:google.com,2005:reader/item/e1620e950e015e73",
    "categories" : [ "user/12202454891883194135/state/com.google/broadcast", "user/12202454891883194135/state/com.google/like", "user/12202454891883194135/state/com.google/read", "user/12202454891883194135/state/com.google/starred", "user/12202454891883194135/state/com.google/tracking-explore-read", "Comedy", "Critical Thinking" ],
    "title" : "Generic Movie Based on the Movie They&#39;ve BeenReleasing Every Single Week Since the 1980s",
    "published" : 1268173777,
    "updated" : 1268204498,
    "alternate" : [ {
      "href" : "http://blogs.suntimes.com/scanners/2010/03/generic_movie.html",
      "type" : "text/html"
    } ],
    "content" : {
      "direction" : "ltr",
      "content" : "<p><iframe src=\"http://reader.googleusercontent.com/reader/embediframe?src=http://www.youtube.com/v/nFicqklGuB0%26hl%3Den_US%26fs%3D1%26rel%3D0&amp;width=480&amp;height=295\" width=\"480\" height=\"295\"></iframe></p>\n\n<p>This is pretty much exactly what most new indie and studio movies look like to me. Not just the Oscar-hopefuls and the Sundance selections.  And not just the trailers, but the entire movies themselves (which are usually laid out, beat by beat, in the trailers).  This one's funnier, though, because it doesn't pretend to be anything more than a familiar schematic diagram.  Which is exactly what these comfy, risk-averse movies seem to be aiming for.  </p>\n\n<p>Starring Robert Pattinson or Adam Sandler, Natalie Portman or Sandra Bullock.  Directed by Ron Howard or someone whose only previous work has been on YouTube.</p>\n\n<p><i>(tip: Max Kleger)</i></p>"
    },
    "author" : "Jim Emerson",
    "comments" : [ ],
    "annotations" : [ ],
    "origin" : {
      "streamId" : "feed/http://blogs.suntimes.com/scanners/atom.xml",
      "title" : "Scanners",
      "htmlUrl" : "http://www.rogerebert.com"
    }
  }, {
    "isReadStateLocked" : true,
    "crawlTimeMsec" : "1268293802470",
    "timestampUsec" : "1268293802470305",
    "id" : "tag:google.com,2005:reader/item/5e9133882d223720",
    "categories" : [ "user/12202454891883194135/state/com.google/broadcast", "user/12202454891883194135/state/com.google/like", "user/12202454891883194135/state/com.google/read", "user/12202454891883194135/state/com.google/starred", "user/12202454891883194135/state/com.google/tracking-explore-read", "user/12202454891883194135/state/com.google/tracking-item-link-used", "Advertising", "Design Articles", "typography", "wickedpaedia" ],
    "title" : "Typography Joke",
    "published" : 1268089232,
    "updated" : 1268089232,
    "alternate" : [ {
      "href" : "http://feedproxy.google.com/~r/dyt/~3/WCiQQJFQcQk/",
      "type" : "text/html"
    } ],
    "canonical" : [ {
      "href" : "http://designyoutrust.com/2010/03/09/typography-joke/"
    } ],
    "content" : {
      "direction" : "ltr",
      "content" : "<p><img src=\"http://designyoutrust.com/wp-content/uploads7/ComicSans.jpg\" alt=\"\" width=\"600\"></p>\n<p>From the good folks at <a href=\"http://wickedpaedia.com\" title=\"http://wickedpaedia.com\">wickedpaedia.com</a><a href=\"http://www.wickedpaedia.com\"></a></p>\n<hr noshade color=\"#cdcdcd\">\nOur Sponsors: <a href=\"http://www.2wowu.com/\">2wowu</a> - Buy or Sell PSD&#39;s &amp; Get Free $5.00 With Code: FREEFIVE\n<hr noshade color=\"#cdcdcd\">\n<small><a href=\"http://buysellads.com/buy/detail/206/\">Advertise</a> with Design You Trust! - DYT on <a href=\"http://twitter.com/designyoutrust\">Twitter</a> - <a href=\"http://www.facebook.com/pages/Design-You-Trust-Design-Blog-and-Community/9225602004\">Facebook</a></small><img src=\"http://feeds.feedburner.com/~r/dyt/~4/WCiQQJFQcQk\" height=\"1\" width=\"1\">"
    },
    "author" : "Wickedpaedia",
    "comments" : [ ],
    "annotations" : [ ],
    "origin" : {
      "streamId" : "feed/http://designyoutrust.com/feed/",
      "title" : "Design You Trust - Design Blog and Community",
      "htmlUrl" : "http://designyoutrust.com"
    }
  }, {
    "isReadStateLocked" : true,
    "crawlTimeMsec" : "1266579016083",
    "timestampUsec" : "1266579016083083",
    "id" : "tag:google.com,2005:reader/item/8f688604c7f8bc53",
    "categories" : [ "user/12202454891883194135/state/com.google/broadcast", "user/12202454891883194135/state/com.google/read", "user/12202454891883194135/state/com.google/tracking-item-link-used" ],
    "title" : "Mindfuck.",
    "published" : 1266431301,
    "updated" : 1266431301,
    "alternate" : [ {
      "href" : "http://nerviosismo.tumblr.com/post/395023578",
      "type" : "text/html"
    } ],
    "summary" : {
      "direction" : "ltr",
      "content" : "<img src=\"http://24.media.tumblr.com/tumblr_ky00n9epyW1qznavao1_500.jpg\"><br><br><p>Mindfuck.</p>"
    },
    "comments" : [ ],
    "annotations" : [ ],
    "origin" : {
      "streamId" : "feed/http://nerviosismo.tumblr.com/rss",
      "title" : "Nerv",
      "htmlUrl" : "http://nerviosismo.tumblr.com/"
    }
  }, {
    "isReadStateLocked" : true,
    "crawlTimeMsec" : "1265037430398",
    "timestampUsec" : "1265037430398563",
    "id" : "tag:google.com,2005:reader/item/76bdc499598bcc18",
    "categories" : [ "user/12202454891883194135/state/com.google/broadcast", "user/12202454891883194135/state/com.google/read", "659", "660", "716", "721", "723" ],
    "title" : "Lead Gen Provider Yodle Raises $10 Million Fourth Round",
    "published" : 1265040907,
    "updated" : 1265040907,
    "alternate" : [ {
      "href" : "http://feeds.paidcontent.org/~r/pcorg/~3/EwiCWuTK6D0/",
      "type" : "text/html"
    } ],
    "canonical" : [ {
      "href" : "http://paidcontent.org/article/419-lead-gen-provider-yodel-raises-10-million-fourth-round-/"
    } ],
    "content" : {
      "direction" : "ltr",
      "content" : "<p style=\"border:1px solid silver;padding:4px;margin-right:10px;margin-bottom:0;float:left\">\n\t\t\t\t\t\t\t\t<a href=\"http://paidcontent.org/article/419-lead-gen-provider-yodel-raises-10-million-fourth-round-/\" title=\"Yodle\">\n\t\t\t\t\t\t\t\t\t<img style=\"margin:0\" src=\"http://paidcontent.org/images/editorial/_original/yodle-o.jpg\" alt=\"Yodle\" width=\"170\" height=\"97\" border=\"0\">\n\t\t\t\t\t\t\t\t</a>\n\t\t\t\t\t\t\t</p>\n\t\t\t\t\t\t\n\t\t\t\t\t\t\t\t\t\t<p>Local online ad and lead gen provider <a href=\"http://www.yodle.com/\" title=\"Yodle\">Yodle</a> has raised a $10 million fourth round funding. The round, raised from existing investors, was led by JAFCO Ventures and joined by Bessemer Venture Partners, Draper Fisher Jurvetson, and Draper Fisher Jurvetson Growth. The funding round brings Yodle’s total financing to $38 million. The New York company, which <a href=\"http://paidcontent.org/article/419-lead-gen-provider-yodle-closes-10m-third-round/\" title=\"raised\">raised</a> a $10 million third round little more than a year ago, didn’t say what the proceeds would go towards.\n</p><p>The company has been concentrating on building out its services nationally, as well as adding new features and technology to its existing system. The economic downturn has made lead gen services more desirable, since customer acquisition is considered evermore crucial. Yodle CEO Court Cunningham claimed the company saw triple-digit revenue growth last year as a result of its expanded services nationally, including the addition of 75 hyperlocal ad nets to its system. However, the company didn’t provide details about the exact amount of the revenue in 2009 and the year before. \n</p>\n\t\t\t\t\t\t\t\t\t\t\t<p><strong>Related</strong></p>\n\t\t\t\t\t\t<ul>\n<li><a href=\"http://paidcontent.org/article/419-lead-gen-provider-yodle-closes-10m-third-round/\" title=\"Local Lead Gen Provider Yodle Closes $10M Third Round To Expand National Effort\">Local Lead Gen Provider Yodle Closes $10M Third Round To Expand National Effort</a></li>\n<li><a href=\"http://paidcontent.org/article/419-online-lead-generator-yodle-raises-12-million-second-round/\" title=\"Online Lead Generator Yodle Raises $12 Million Second Round\">Online Lead Generator Yodle Raises $12 Million Second Round</a></li>\n</ul>\n\n\t\t\t\t\t\t\t\t\t\n\t\t\t<p><iframe src=\"http://feedads.g.doubleclick.net/~ah/f/hl2sdgv9l9epg2sa65ak6k4vog/300/250?ca=1&amp;fh=280#http%3A%2F%2Fpaidcontent.org%2Farticle%2F419-lead-gen-provider-yodel-raises-10-million-fourth-round-%2F\" width=\"100%\" height=\"280\" frameborder=\"0\" scrolling=\"no\" marginwidth=\"0\" marginheight=\"0\"></iframe></p><div>\n<a href=\"http://feeds.paidcontent.org/~ff/pcorg?a=EwiCWuTK6D0:RsLkeZV_Id4:yIl2AUoC8zA\"><img src=\"http://feeds.feedburner.com/~ff/pcorg?d=yIl2AUoC8zA\" border=\"0\"></a> <a href=\"http://feeds.paidcontent.org/~ff/pcorg?a=EwiCWuTK6D0:RsLkeZV_Id4:dnMXMwOfBR0\"><img src=\"http://feeds.feedburner.com/~ff/pcorg?d=dnMXMwOfBR0\" border=\"0\"></a> <a href=\"http://feeds.paidcontent.org/~ff/pcorg?a=EwiCWuTK6D0:RsLkeZV_Id4:V_sGLiPBpWU\"><img src=\"http://feeds.feedburner.com/~ff/pcorg?i=EwiCWuTK6D0:RsLkeZV_Id4:V_sGLiPBpWU\" border=\"0\"></a> <a href=\"http://feeds.paidcontent.org/~ff/pcorg?a=EwiCWuTK6D0:RsLkeZV_Id4:7Q72WNTAKBA\"><img src=\"http://feeds.feedburner.com/~ff/pcorg?d=7Q72WNTAKBA\" border=\"0\"></a> <a href=\"http://feeds.paidcontent.org/~ff/pcorg?a=EwiCWuTK6D0:RsLkeZV_Id4:qj6IDK7rITs\"><img src=\"http://feeds.feedburner.com/~ff/pcorg?d=qj6IDK7rITs\" border=\"0\"></a>\n</div><img src=\"http://feeds.feedburner.com/~r/pcorg/~4/EwiCWuTK6D0\" height=\"1\" width=\"1\">"
    },
    "author" : "David Kaplan",
    "comments" : [ ],
    "annotations" : [ ],
    "origin" : {
      "streamId" : "feed/http://feeds.paidcontent.org/pcorg/",
      "title" : "paidContent",
      "htmlUrl" : "http://paidcontent.org"
    }
  }, {
    "isReadStateLocked" : true,
    "crawlTimeMsec" : "1264781246814",
    "timestampUsec" : "1264781246814625",
    "id" : "tag:google.com,2005:reader/item/67c6e77ee0253f3f",
    "categories" : [ "user/12202454891883194135/state/com.google/broadcast", "user/12202454891883194135/state/com.google/read" ],
    "title" : "Comcast: NBC Unversal Merger Will Be Awesome. Trust Us. - Cable giant puts forth their justification for getting much, much larger...",
    "published" : 1264775763,
    "updated" : 1264775763,
    "alternate" : [ {
      "href" : "http://www.dslreports.com/shownews/Comcast-NBC-Unversal-Merger-Will-Be-Awesome-Trust-Us-106646",
      "type" : "text/html"
    } ],
    "summary" : {
      "direction" : "ltr",
      "content" : "<p><a href=\"http://www.dslreports.com/shownews/Comcast-NBC-Unversal-Merger-Will-Be-Awesome-Trust-Us-106646\"><img src=\"http://i.dslr.net/urls/62/50062.gif\" width=\"100\" border=\"0/\"></a><br>Comcast started down the long and winding road of regulatory approval for their merger with NBC Universal this week, filing a <a href=\"http://www.nbcutransaction.com/regulatoryinfo.html\">public interest statement</a> with the FCC. The statement, as you might expect, lays out Comcast's argument for why the merger would be in the public interest. Among a litany of arguments, Comcast suggests that the merger would not pose a threat to Internet video -- despite the fact that such a deal would give Comcast (who runs their own Internet video service dubbed \"<a href=\"http://www.dslreports.com/shownews/106400\">Xfinity</a>\") some degree of control over industry-leading Internet video company Hulu. Says Comcast:<div>Hulu's percentage should not -- under current antitrust principles -- be attributed to this combined company, since the new firm will hold only a minority, non-controlling interest in Hulu. Nevertheless, even if one hundred percent of videos viewed in any online property in which either Comcast or NBCU holds an equity interest (controlling or otherwise) were attributed to the combined company, the company would account for just over 5.0 percent of the market for online video distribution</div>Much of the statement takes the position that the newly formed company won't really be <b>all that huge</b>, if you stop for a moment and realize just how huge many other -- some completely unrelated to telecom or broadcast -- companies are. <br> <br>The filing argues that those worried about the deal should see the transaction as \"simply a transfer of ownership\" and not the creation of a corporate juggernaut that will unfairly dominate both content and distribution. Comcast says they'll create a \"buffer\" between distribution and content in the hopes of easing worried regulators. <br> <br>As you might imagine, Comcast's promise that the merger would be good for consumers didn't go over well among consumer advocates. Advocacy group Free Press dubbed Comcast's promises \"<a href=\"http://www.freepress.net/node/76405\">positively Orwellian</a>,\" adding that Comcast \"gives little evidence beyond assertions that this merger will produce anything other than job cuts, higher cable bills, fewer independent programmers, and a retreat from public service media.\"  <br> <br>In a <a href=\"http://blog.comcast.com/2010/01/comcast-ge-and-nbc-universal-file-public-interest-statement-with-fcc.html\">blog entry</a>, Comcast welcomed discussion of the merger's impact on the media landscape, but warned that discussion should be restricted to \"legitimate merger-specific issues.\" \"A transaction review process is not the appropriate forum to air general industry issues or to ventilate imagined or contrived grievances,\" says the company. The first Senate hearing to debate the merger has been scheduled for <a href=\"http://latimesblogs.latimes.com/entertainmentnewsbuzz/2010/01/first-senate-hearing-set-for-comcast-nbc-universal-deal.html\">February 4</a>.<br><a href=\"http://www.dslreports.com/shownews/Comcast-NBC-Unversal-Merger-Will-Be-Awesome-Trust-Us-106646\">read comment(s)</a></p><br>"
    },
    "comments" : [ ],
    "annotations" : [ ],
    "origin" : {
      "streamId" : "feed/http://www.dslreports.com/rss20.xml",
      "title" : "DSLreports - front page",
      "htmlUrl" : "http://www.dslreports.com"
    }
  }, {
    "isReadStateLocked" : true,
    "crawlTimeMsec" : "1250148650249",
    "timestampUsec" : "1250148650249025",
    "id" : "tag:google.com,2005:reader/item/01d4af903dce015d",
    "categories" : [ "user/12202454891883194135/state/com.google/broadcast", "user/12202454891883194135/state/com.google/read", "user/12202454891883194135/state/com.google/tracking-custom-item-link", "Company & Product Profiles", "Google-Reader" ],
    "title" : "Google Reader Unleashes A Gaggle Of Nice Social And Feed Management Updates",
    "published" : 1250123973,
    "updated" : 1250123973,
    "alternate" : [ {
      "href" : "http://feedproxy.google.com/~r/Techcrunch/~3/3Q5ft9MlUm8/",
      "type" : "text/html"
    } ],
    "canonical" : [ {
      "href" : "http://www.techcrunch.com/2009/08/12/google-reader-unleashes-a-gaggle-of-nice-social-and-feed-management-updates/"
    } ],
    "content" : {
      "direction" : "ltr",
      "content" : "<p><img title=\"picture-37\" src=\"http://cache0.techcrunch.com/wp-content/uploads/2009/08/picture-37.png\" alt=\"picture-37\" width=\"398\" height=\"276\">A few days ago, I sent out <a href=\"http://twitter.com/parislemon/statuses/3162731997\">a tweet</a> wondering how long it would be until Google Reader added a tweet button to the bottom of each feed item. My guess was that it would be very soon. I was quite right. Today, the Google Reader team has <a href=\"http://googlereader.blogspot.com/2009/08/flurry-of-features-for-feed-readers.html\">unveiled</a> a bunch of new updates to the product, including, yes, the ability to easily tweet any item.</p>\n<p>But that’s hardly all this update contains. You can also now easily send feed items to a number of places including Facebook, MySpace, Digg, StumbleUpon, Blogger, and others. To enable any of these, simply go to the “Settings” area of Google Reader and enable the ones you want to use. If the services you want aren’t listed, you can even customize the “Send To” feature to enable sending items just about anywhere.</p>\n<p>Another new feature allows you to easily subscribe to feeds owned by people you are contacts with. This is an obvious, but nice addition, as it makes it easier to locate feeds you may be interested in — assuming, of course, that you’re actually interested in the people you follow on Google Reader. This feature also includes Twitter updates, so you can easily import all of those and see that person’s tweets through Google Reader if you don’t feel like scanning Twitter all day.</p>\n<p>But the best feature of the bunch may be the ability to have more control over the “Mark all as read” functionality. We all use the “Mark all as read” button when we’re too far behind on our feeds to possibly catch up. But now you can just mark items that older than a day, a week, or two weeks as read, saving the newest ones for you to still be able to read. That’s a great idea.</p>\n<p>Google Reader still has <a href=\"http://www.techcrunch.com/2009/07/15/google-reader-takes-another-social-step-with-people-search-and-likes/\">some</a> social <a href=\"http://www.techcrunch.com/2009/07/20/people-are-using-google-reader-likes-but-some-hate-it-and-its-flawed/\">issues</a>, but it’s hard to argue with any of these features.</p>\n<p><img style=\"border:1px solid gray\" title=\"picture-93\" src=\"http://cache0.techcrunch.com/wp-content/uploads/2009/08/picture-93-630x187.png\" alt=\"picture-93\" width=\"630\" height=\"187\"></p>\n<p><img style=\"border:1px solid gray\" title=\"picture-64\" src=\"http://cache0.techcrunch.com/wp-content/uploads/2009/08/picture-64-630x592.png\" alt=\"picture-64\" width=\"630\" height=\"592\"></p>\n<p><strong><em>Crunch Network</em></strong>:  <a href=\"http://www.crunchboard.com\">CrunchBoard</a><em> </em>because it’s time for you to find a new Job2.0</p>\n<div><a href=\"http://d.techcrunch.com/ck.php?n=a8e452d3&amp;cb=278\"><img src=\"http://d.techcrunch.com/avw.php?zoneid=38&amp;cb=991&amp;n=a8e452d3\" border=\"0\" alt=\"\"></a></div>\n<div><a href=\"http://d.techcrunch.com/ck.php?n=a9e88cf5&amp;cb=90\"><img src=\"http://d.techcrunch.com/avw.php?zoneid=13&amp;cb=1041&amp;n=a9e88cf5\" border=\"0\" alt=\"\"></a></div>\n\n<p><iframe src=\"http://feedads.g.doubleclick.net/~ah/f/v7tfagih50mrtjprksjv4s1ftk/300/250?ca=1&amp;fh=280#http%3A%2F%2Fwww.techcrunch.com%2F2009%2F08%2F12%2Fgoogle-reader-unleashes-a-gaggle-of-nice-social-and-feed-management-updates%2F\" width=\"100%\" height=\"280\" frameborder=\"0\" scrolling=\"no\" marginwidth=\"0\" marginheight=\"0\"></iframe></p><div>\n<a href=\"http://feeds.feedburner.com/~ff/Techcrunch?a=3Q5ft9MlUm8:9z_2IBlW8DQ:2mJPEYqXBVI\"><img src=\"http://feeds.feedburner.com/~ff/Techcrunch?d=2mJPEYqXBVI\" border=\"0\"></a> <a href=\"http://feeds.feedburner.com/~ff/Techcrunch?a=3Q5ft9MlUm8:9z_2IBlW8DQ:dnMXMwOfBR0\"><img src=\"http://feeds.feedburner.com/~ff/Techcrunch?d=dnMXMwOfBR0\" border=\"0\"></a> <a href=\"http://feeds.feedburner.com/~ff/Techcrunch?a=3Q5ft9MlUm8:9z_2IBlW8DQ:D7DqB2pKExk\"><img src=\"http://feeds.feedburner.com/~ff/Techcrunch?i=3Q5ft9MlUm8:9z_2IBlW8DQ:D7DqB2pKExk\" border=\"0\"></a> <a href=\"http://feeds.feedburner.com/~ff/Techcrunch?a=3Q5ft9MlUm8:9z_2IBlW8DQ:7Q72WNTAKBA\"><img src=\"http://feeds.feedburner.com/~ff/Techcrunch?d=7Q72WNTAKBA\" border=\"0\"></a> <a href=\"http://feeds.feedburner.com/~ff/Techcrunch?a=3Q5ft9MlUm8:9z_2IBlW8DQ:yIl2AUoC8zA\"><img src=\"http://feeds.feedburner.com/~ff/Techcrunch?d=yIl2AUoC8zA\" border=\"0\"></a>\n</div><img src=\"http://feeds.feedburner.com/~r/Techcrunch/~4/3Q5ft9MlUm8\" height=\"1\" width=\"1\">"
    },
    "author" : "MG Siegler",
    "comments" : [ ],
    "annotations" : [ ],
    "origin" : {
      "streamId" : "feed/http://feedproxy.google.com/TechCrunch",
      "title" : "TechCrunch",
      "htmlUrl" : "http://techcrunch.com"
    }
  } ]
}