{
  "id" : "user/12202454891883194135/state/com.google/starred",
  "title" : "Elementele marcate cu stea de darcu în Google Reader",
  "author" : "darcu",
  "updated" : 1370739700,
  "direction" : "ltr",
  "items" : [ {
    "crawlTimeMsec" : "1370739700568",
    "timestampUsec" : "1370739700568017",
    "id" : "tag:google.com,2005:reader/item/4fc879aa66be3013",
    "categories" : [ "user/12202454891883194135/state/com.google/read", "user/12202454891883194135/state/com.google/starred", "user/12202454891883194135/state/com.google/fresh", "Crunch-gov", "TC", "Video" ],
    "title" : "EFF's Peter Eckersley On ‘Clever' PRISM Denials, Fighting FISA, And Why Privacy Matters [TCTV]",
    "published" : 1370728820,
    "updated" : 1370728820,
    "alternate" : [ {
      "href" : "http://feedproxy.google.com/~r/Techcrunch/~3/qNyOpEdXFg4/",
      "type" : "text/html"
    } ],
    "canonical" : [ {
      "href" : "http://techcrunch.com/2013/06/08/effs-peter-eckersley-on-clever-prism-denials-fighting-fisa-and-why-privacy-matters-tctv/"
    } ],
    "content" : {
      "direction" : "ltr",
      "content" : "<img width=\"100\" height=\"70\" src=\"http://tctechcrunch2011.files.wordpress.com/2013/06/screen-shot-2013-06-08-at-10-31-38-am.png?w=100&amp;h=70&amp;crop=1\" alt=\"Screen Shot 2013-06-08 at 10.31.38 AM\" style=\"float:left;margin:0 10px 7px 0\"><p><br>\nIt’s had to have been an interesting week for the people at the <a href=\"http://www.eff.org\">Electronic Frontier Foundation</a> (EFF). The non-profit has been beating the drum about the importance of digital rights, privacy, and metadata for <a href=\"http://en.wikipedia.org/wiki/Electronic_Frontier_Foundation\">decades now</a>. And in recent years, one of the EFF’s causes has been <a href=\"https://www.eff.org/deeplinks/2013/03/hey-google-can-we-have-data-about-fisa-court-orders\">to shed more light</a> on the United States’ National Security Agency (NSA) and specifically its use of the <a href=\"https://ssd.eff.org/foreign/fisa\">Foreign Intelligence Surveillance Act</a> (FISA) to essentially spy on the telecommunications and web activity of millions of innocent Americans under the guise of keeping them safe.</p>\n<p>Now those issues have come to the forefront of the mainstream’s consciousness, with a series of revelations this week that the NSA has reportedly been secretly working together with major tech companies to give the government access huge amounts of private user data through a <a href=\"http://techcrunch.com/2013/06/06/report-nsa-collects-data-directly-from-servers-of-google-apple-microsoft-facebook-and-more/\">classified project called PRISM</a>. </p>\n<p>So it was a massive pleasure to have <a href=\"https://www.eff.org/about/staff/peter-eckersley\">Peter Eckersley</a>, the EFF’s Technology Projects Director, in TechCrunch TV’s San Francisco studio yesterday afternoon to speak about all that’s going on. It was a relatively long conversation, but I think it could have gone on much longer and continued to be fascinating — Eckersley is an expert on this subject and clearly passionate about the cause, and there were lots of bases to cover.</p>\n<p>What’s interesting is that I spoke to Eckersley just one hour before the <em>New York Times’</em> Claire Cain Miller <a href=\"http://www.nytimes.com/2013/06/08/technology/tech-companies-bristling-concede-to-government-surveillance-efforts.html?pagewanted=all&amp;_r=0\">reported</a> that the technology companies named in the leaked PRISM slides <a href=\"http://techcrunch.com/2013/06/08/cooperation-methods-protected-innocents-from-prism/\">were indeed complicit</a> with the NSA’s data mining, contrary to their <a href=\"http://techcrunch.com/2013/06/07/doublespeak-denials-and-broken-hearts/\">cleverly worded</a> public <a href=\"http://techcrunch.com/2013/06/06/google-facebook-apple-deny-participation-in-nsa-prism-program/\">denials</a>. As you’ll see above, he expected that was exactly the case — that the tech companies involved in PRISM have been issuing clever “deniable denials” about what is going on, rather than telling the full truth. The reason they’re doing so, Eckersley said (and the NYT reported), is FISA.</p>\n<p>We discussed the history of FISA, how the EFF is fighting for more transparency (and why it matters), why this news of companies like Facebook and Google working with the NSA is a surprising disappointment even to the folks at the EFF, what people who care about their privacy should do now, and much more.</p>\n<br>  <a rel=\"nofollow\" href=\"http://feeds.wordpress.com/1.0/gocomments/tctechcrunch2011.wordpress.com/829531/\"></a> <div>\n<a href=\"http://feeds.feedburner.com/~ff/Techcrunch?a=qNyOpEdXFg4:LXertLTQs0o:2mJPEYqXBVI\"><img src=\"http://feeds.feedburner.com/~ff/Techcrunch?d=2mJPEYqXBVI\" border=\"0\"></a> <a href=\"http://feeds.feedburner.com/~ff/Techcrunch?a=qNyOpEdXFg4:LXertLTQs0o:7Q72WNTAKBA\"><img src=\"http://feeds.feedburner.com/~ff/Techcrunch?d=7Q72WNTAKBA\" border=\"0\"></a> <a href=\"http://feeds.feedburner.com/~ff/Techcrunch?a=qNyOpEdXFg4:LXertLTQs0o:yIl2AUoC8zA\"><img src=\"http://feeds.feedburner.com/~ff/Techcrunch?d=yIl2AUoC8zA\" border=\"0\"></a> <a href=\"http://feeds.feedburner.com/~ff/Techcrunch?a=qNyOpEdXFg4:LXertLTQs0o:-BTjWOF_DHI\"><img src=\"http://feeds.feedburner.com/~ff/Techcrunch?i=qNyOpEdXFg4:LXertLTQs0o:-BTjWOF_DHI\" border=\"0\"></a> <a href=\"http://feeds.feedburner.com/~ff/Techcrunch?a=qNyOpEdXFg4:LXertLTQs0o:D7DqB2pKExk\"><img src=\"http://feeds.feedburner.com/~ff/Techcrunch?i=qNyOpEdXFg4:LXertLTQs0o:D7DqB2pKExk\" border=\"0\"></a> <a href=\"http://feeds.feedburner.com/~ff/Techcrunch?a=qNyOpEdXFg4:LXertLTQs0o:qj6IDK7rITs\"><img src=\"http://feeds.feedburner.com/~ff/Techcrunch?d=qj6IDK7rITs\" border=\"0\"></a>\n</div><img src=\"http://feeds.feedburner.com/~r/Techcrunch/~4/qNyOpEdXFg4\" height=\"1\" width=\"1\">"
    },
    "author" : "Colleen Taylor",
    "comments" : [ ],
    "annotations" : [ ],
    "origin" : {
      "streamId" : "feed/http://feedproxy.google.com/TechCrunch",
      "title" : "TechCrunch",
      "htmlUrl" : "http://techcrunch.com"
    }
  }, {
    "isReadStateLocked" : true,
    "crawlTimeMsec" : "1366736270718",
    "timestampUsec" : "1366736270718423",
    "id" : "tag:google.com,2005:reader/item/67b92be79f70c255",
    "categories" : [ "user/12202454891883194135/state/com.google/kept-unread", "user/12202454891883194135/state/com.google/read", "user/12202454891883194135/state/com.google/starred" ],
    "title" : "Watch out, there's a man wearing Google Glass in your public restroom",
    "published" : 1366734860,
    "updated" : 1366734860,
    "alternate" : [ {
      "href" : "http://news.cnet.com/8301-17852_3-57580943-71/watch-out-theres-a-man-wearing-google-glass-in-your-public-restroom/?part=rss&tag=feed&subj=News-Internet&Media",
      "type" : "text/html"
    } ],
    "summary" : {
      "direction" : "ltr",
      "content" : "Tech personality Robert Scoble boldly declares that he wears Google Glass in public restrooms. Is this a recipe for a brouhaha? <p>Originally posted at <a href=\"http://news.cnet.com/8301-17852_3-57580943-71/watch-out-theres-a-man-wearing-google-glass-in-your-public-restroom/\">Technically Incorrect</a></p>"
    },
    "author" : "Chris Matyszczyk",
    "comments" : [ ],
    "annotations" : [ ],
    "origin" : {
      "streamId" : "feed/http://news.cnet.com/8300-1023_3-93.xml",
      "title" : "CNET News - Internet &amp; Media",
      "htmlUrl" : "http://news.cnet.com/8300-1023_3-.html"
    }
  }, {
    "isReadStateLocked" : true,
    "crawlTimeMsec" : "1365449744704",
    "timestampUsec" : "1365449744704371",
    "id" : "tag:google.com,2005:reader/item/04ff80a033b833de",
    "categories" : [ "user/12202454891883194135/state/com.google/read", "user/12202454891883194135/state/com.google/starred" ],
    "title" : "PAR Article: The Game of Thrones: The episode wherein we discuss sodomy, and magic",
    "published" : 1365444852,
    "updated" : 1365444852,
    "alternate" : [ {
      "href" : "http://penny-arcade.com/report/article/the-game-of-thrones-the-episode-wherein-we-discuss-sodomy-and-magic",
      "type" : "text/html"
    } ],
    "summary" : {
      "direction" : "ltr",
      "content" : "The Game of Thrones: The episode wherein we discuss sodomy, and magic"
    },
    "author" : "bkuchera@penny-arcade.com (Ben Kuchera)",
    "comments" : [ ],
    "annotations" : [ ],
    "origin" : {
      "streamId" : "feed/http://feeds.penny-arcade.com/pa-report",
      "title" : "Penny Arcade Report",
      "htmlUrl" : "http://www.penny-arcade.com/report"
    }
  }, {
    "isReadStateLocked" : true,
    "crawlTimeMsec" : "1365008878583",
    "timestampUsec" : "1365008878583030",
    "id" : "tag:google.com,2005:reader/item/35747da3a9c18494",
    "categories" : [ "user/12202454891883194135/state/com.google/feedly.inlined", "user/12202454891883194135/state/com.google/kept-unread", "user/12202454891883194135/state/com.google/starred", "user/12202454891883194135/state/com.google/read", "Gadgets", "Mobile", "TC", "faceobok phone", "htc first" ],
    "title" : "Facebook Home Screenshot Leaks Suggest We'll See An Image-Rich Interface With Sharing Close At Hand",
    "published" : 1365008435,
    "updated" : 1365008435,
    "alternate" : [ {
      "href" : "http://feedproxy.google.com/~r/Techcrunch/~3/Zk_whTgZUtg/",
      "type" : "text/html"
    } ],
    "canonical" : [ {
      "href" : "http://techcrunch.com/2013/04/03/facebook-home-screenshot-leaks-suggest-well-see-an-image-rich-interface-with-sharing-close-at-hand/"
    } ],
    "content" : {
      "direction" : "ltr",
      "content" : "<img width=\"100\" height=\"70\" src=\"http://tctechcrunch2011.files.wordpress.com/2013/04/top-1.jpg?w=100&amp;h=70&amp;crop=1\" alt=\"top (1)\" style=\"float:left;margin:0 10px 7px 0\"><p>Facebook is set to debut a special Android product tomorrow, and now <a href=\"http://9to5google.com/2013/04/03/facebook-home-offers-a-fresh-take-on-android-ui-images/\">9to5Google has an early look at what we might see</a>, courtesy of Evleaks. The screens depicted on renders of the so-called HTC First smartphone hardware being created by the Taiwanese company. The images show tweaks to the basic Android UI that include easy access to status updates, photo sharing and check-in functions, as well as an emphasis on images.</p>\n<p>The screens look to take a mostly minimalist approach to re-skinning the Android OS, with a widget similar to the one available for Android home screens occupying a spot near the top of the app tray. A notifications screen uses what looks like it might be a Facebook cover photo as its backdrop, and seems to display a user’s FB profile pic as the unlock mechanism. There are Instagram, Messenger and Facebook sharing options shown in the built-in gallery app, and Evleaks says the whole point is to put Facebook functions close at hand wherever possible in the OS itself, making it less necessary to jump into the dedicated app to share or engage with content posted to the social network.</p>\n\n<a href=\"http://techcrunch.com/2013/04/03/facebook-home-screenshot-leaks-suggest-well-see-an-image-rich-interface-with-sharing-close-at-hand/top-1/\" title=\"top (1)\"></a>\n<a href=\"http://techcrunch.com/2013/04/03/facebook-home-screenshot-leaks-suggest-well-see-an-image-rich-interface-with-sharing-close-at-hand/bottom/\" title=\"bottom\"></a>\n<a href=\"http://techcrunch.com/2013/04/03/facebook-home-screenshot-leaks-suggest-well-see-an-image-rich-interface-with-sharing-close-at-hand/middle/\" title=\"middle\"></a>\n\n<p>The description and screens from this latest leak match up with what Josh reported was on the way from <a href=\"http://techcrunch.com/2013/03/28/facebook-android-phone/\">Facebook for this event last week</a>. Overall, it looks like what FB is doing is making a product that can make Android a better funnel for prompting mobile users to post content and updates to its network, and to better keep up to date with new activity from their friends. If Facebook can successfully demonstrate that it can actually improve the Android experience with deeper hooks, its Home product could become attractive to other OEMs as well. And even though it has built an impressive user base on its own, shipping on a range of Android hardware around the world as an element virtually baked into the OS goes well beyond traditional user acquisition methods.</p>\n<p>We’ll have live coverage of the event tomorrow as it happens, beginning at 10 AM PT, so you can tune in to find out whether what Facebook really is presenting matches these early leaks as it happens.</p>\n<br>  <a rel=\"nofollow\" href=\"http://feeds.wordpress.com/1.0/gocomments/tctechcrunch2011.wordpress.com/791143/\"></a> <div>\n<a href=\"http://feeds.feedburner.com/~ff/Techcrunch?a=Zk_whTgZUtg:eY5Bpv_yaL8:2mJPEYqXBVI\"><img src=\"http://feeds.feedburner.com/~ff/Techcrunch?d=2mJPEYqXBVI\" border=\"0\"></a> <a href=\"http://feeds.feedburner.com/~ff/Techcrunch?a=Zk_whTgZUtg:eY5Bpv_yaL8:7Q72WNTAKBA\"><img src=\"http://feeds.feedburner.com/~ff/Techcrunch?d=7Q72WNTAKBA\" border=\"0\"></a> <a href=\"http://feeds.feedburner.com/~ff/Techcrunch?a=Zk_whTgZUtg:eY5Bpv_yaL8:yIl2AUoC8zA\"><img src=\"http://feeds.feedburner.com/~ff/Techcrunch?d=yIl2AUoC8zA\" border=\"0\"></a> <a href=\"http://feeds.feedburner.com/~ff/Techcrunch?a=Zk_whTgZUtg:eY5Bpv_yaL8:-BTjWOF_DHI\"><img src=\"http://feeds.feedburner.com/~ff/Techcrunch?i=Zk_whTgZUtg:eY5Bpv_yaL8:-BTjWOF_DHI\" border=\"0\"></a> <a href=\"http://feeds.feedburner.com/~ff/Techcrunch?a=Zk_whTgZUtg:eY5Bpv_yaL8:D7DqB2pKExk\"><img src=\"http://feeds.feedburner.com/~ff/Techcrunch?i=Zk_whTgZUtg:eY5Bpv_yaL8:D7DqB2pKExk\" border=\"0\"></a> <a href=\"http://feeds.feedburner.com/~ff/Techcrunch?a=Zk_whTgZUtg:eY5Bpv_yaL8:qj6IDK7rITs\"><img src=\"http://feeds.feedburner.com/~ff/Techcrunch?d=qj6IDK7rITs\" border=\"0\"></a>\n</div><img src=\"http://feeds.feedburner.com/~r/Techcrunch/~4/Zk_whTgZUtg\" height=\"1\" width=\"1\">"
    },
    "author" : "Darrell Etherington",
    "comments" : [ ],
    "annotations" : [ ],
    "origin" : {
      "streamId" : "feed/http://feedproxy.google.com/TechCrunch",
      "title" : "TechCrunch",
      "htmlUrl" : "http://techcrunch.com"
    }
  }, {
    "isReadStateLocked" : true,
    "crawlTimeMsec" : "1364460625639",
    "timestampUsec" : "1364460625639629",
    "id" : "tag:google.com,2005:reader/item/49b8e403746146d8",
    "categories" : [ "user/12202454891883194135/state/com.google/feedly.inlined", "user/12202454891883194135/state/com.google/read", "user/12202454891883194135/state/com.google/starred", "Space & Earth" ],
    "title" : "New system to restore wetlands could reduce massive floods, aid crops",
    "published" : 1364410242,
    "updated" : 1364410242,
    "alternate" : [ {
      "href" : "http://phys.org/news283611030.html",
      "type" : "text/html"
    } ],
    "summary" : {
      "direction" : "ltr",
      "content" : "Engineers at Oregon State University have developed a new interactive system to create networks of small wetlands in Midwest farmlands, which could help the region prevent massive spring floods and also retain water and mitigate droughts in a warming climate."
    },
    "comments" : [ ],
    "annotations" : [ ],
    "origin" : {
      "streamId" : "feed/http://phys.org/rss-feed/space-news/",
      "title" : "Phys.org: Space &amp; Earth News",
      "htmlUrl" : "http://phys.org/space-news/"
    }
  }, {
    "isReadStateLocked" : true,
    "crawlTimeMsec" : "1364326567028",
    "timestampUsec" : "1364326567028816",
    "id" : "tag:google.com,2005:reader/item/70e3d6c6f43deea1",
    "categories" : [ "user/12202454891883194135/state/com.google/feedly.inlined", "user/12202454891883194135/state/com.google/read", "user/12202454891883194135/state/com.google/starred", "RockPaperShotgun", "Crysis 3", "Crytek", "epic", "Golfzon", "International Stop Hating Things Day", "Unreal" ],
    "title" : "Crytek &amp; Epic’s Tastes Of Tomorrow",
    "published" : 1364324406,
    "updated" : 1364324406,
    "alternate" : [ {
      "href" : "http://feedproxy.google.com/~r/RockPaperShotgun/~3/pknRsds46Pc/",
      "type" : "text/html"
    } ],
    "canonical" : [ {
      "href" : "http://www.rockpapershotgun.com/2013/03/26/cryengine-3/"
    } ],
    "content" : {
      "direction" : "ltr",
      "content" : "<p><img src=\"http://www.rockpapershotgun.com/images/13/mar/golfzon3.jpg\" alt=\"Is that... Elvis?\"></p>\n<p>Jim, John and Nathan are all out at GDC for RPS right now, but the lack of any news from them so far leads me to presume they are all either dead, kidnapped, hungover, hiding or trapped inside a branch of The Cheesecake Factory. So, while I’ve not been out there to see and thus usefully report on any of the following myself, I can at least once again do what is approximately 19% of my daily job, and resize video embed code to fit on our website.</p>\n<p>This time it’s looks at what we can expect from Crytek’s Cryengine 3 and Epic’s Unreal don’t-call-it-4 Engine 4. I think you’ll all agree that Golfzon (above) is what we most want from the game engines of tomorrow. And if you don’t, some of the other stuff in there might well be more to your tastes.<br>\n <a href=\"http://www.rockpapershotgun.com/2013/03/26/cryengine-3/#more-147357\">(more…)</a></p>\n<div>\n<a href=\"http://feeds.feedburner.com/~ff/RockPaperShotgun?a=pknRsds46Pc:aQmEQxH5_K0:nQ_hWtDbxek\"><img src=\"http://feeds.feedburner.com/~ff/RockPaperShotgun?d=nQ_hWtDbxek\" border=\"0\"></a> <a href=\"http://feeds.feedburner.com/~ff/RockPaperShotgun?a=pknRsds46Pc:aQmEQxH5_K0:yIl2AUoC8zA\"><img src=\"http://feeds.feedburner.com/~ff/RockPaperShotgun?d=yIl2AUoC8zA\" border=\"0\"></a>\n</div><img src=\"http://feeds.feedburner.com/~r/RockPaperShotgun/~4/pknRsds46Pc\" height=\"1\" width=\"1\">"
    },
    "author" : "Alec Meer",
    "comments" : [ ],
    "annotations" : [ ],
    "origin" : {
      "streamId" : "feed/http://www.rockpapershotgun.com/feed/",
      "title" : "Rock, Paper, Shotgun",
      "htmlUrl" : "http://www.rockpapershotgun.com"
    }
  }, {
    "isReadStateLocked" : true,
    "crawlTimeMsec" : "1363962359106",
    "timestampUsec" : "1363962359106927",
    "id" : "tag:google.com,2005:reader/item/8bb15a13cb70d4ba",
    "categories" : [ "user/12202454891883194135/state/com.google/feedly.inlined", "user/12202454891883194135/state/com.google/read", "user/12202454891883194135/state/com.google/starred", "Technology Lab", "Canonical", "china", "Ubuntu" ],
    "title" : "Goodbye Windows: China to create home-grown OS based on Ubuntu",
    "published" : 1363960227,
    "updated" : 1363960227,
    "alternate" : [ {
      "href" : "http://feeds.arstechnica.com/~r/arstechnica/everything/~3/UB0it6dAvGg/",
      "type" : "text/html"
    } ],
    "canonical" : [ {
      "href" : "http://arstechnica.com/information-technology/2013/03/goodbye-windows-china-to-create-home-grown-os-based-on-ubuntu/"
    } ],
    "content" : {
      "direction" : "ltr",
      "content" : "<div> <p>Ubuntu maker Canonical has <a href=\"http://www.canonical.com/content/canonical-and-chinese-standards-body-announce-ubuntu-collaboration\">signed a deal</a> with the Chinese government to create a new version of Ubuntu. For China, this is widely seen as an attempt \"to wean its IT sector off Western software in favour of more home-grown alternatives,\" the <a href=\"http://www.bbc.co.uk/news/technology-21895723\">BBC reported</a>.</p>\n<p>In other words, it's an attempt to move from Windows to Linux. According to <a href=\"http://netmarketshare.com/\">NetMarketshare statistics</a>, Windows has 91.62 percent market share on the desktop in China, compared to 1.21 percent for Linux. The other 7.17 percent is OS X.</p>\n<p>China is developing a new reference architecture for operating systems, based on Ubuntu. The Chinese version of Ubuntu—called Ubuntu Kylin—will be released next month in conjunction with Ubuntu's regular release cycle.</p>\n</div><p><a href=\"http://arstechnica.com/information-technology/2013/03/goodbye-windows-china-to-create-home-grown-os-based-on-ubuntu/#p3n\">Read 2 remaining paragraphs</a> | <a href=\"http://arstechnica.com/information-technology/2013/03/goodbye-windows-china-to-create-home-grown-os-based-on-ubuntu/?comments=1\">Comments</a></p><img src=\"http://feeds.feedburner.com/~r/arstechnica/everything/~4/UB0it6dAvGg\" height=\"1\" width=\"1\">"
    },
    "author" : "Jon Brodkin",
    "comments" : [ ],
    "annotations" : [ ],
    "origin" : {
      "streamId" : "feed/http://feeds.arstechnica.com/arstechnica/everything",
      "title" : "Ars Technica",
      "htmlUrl" : "http://arstechnica.com"
    }
  }, {
    "isReadStateLocked" : true,
    "crawlTimeMsec" : "1363962039615",
    "timestampUsec" : "1363962039615330",
    "id" : "tag:google.com,2005:reader/item/5db960aebb97a0b4",
    "categories" : [ "user/12202454891883194135/state/com.google/feedly.inlined", "user/12202454891883194135/state/com.google/read", "user/12202454891883194135/state/com.google/starred", "Insider", "Analysis and Opinion" ],
    "title" : "Poll: Six weeks on, are you still using Mailbox?",
    "published" : 1363956022,
    "updated" : 1363956022,
    "enclosure" : [ {
      "href" : "http://cdn.thenextweb.com/wp-content/blogs.dir/1/files/2013/03/mailbox-520x245.jpg",
      "type" : "image/jpeg",
      "length" : "0"
    } ],
    "alternate" : [ {
      "href" : "http://feedproxy.google.com/~r/TheNextWeb/~3/Y6vfAo26P8Y/",
      "type" : "text/html"
    } ],
    "canonical" : [ {
      "href" : "http://thenextweb.com/insider/2013/03/22/poll-6-weeks-on-are-you-still-using-mailbox/"
    } ],
    "content" : {
      "direction" : "ltr",
      "content" : "<p>Refreshingly original iOS email app <a href=\"http://www.mailboxapp.com/\">Mailbox</a> launched in a flurry of hype <a href=\"http://thenextweb.com/apps/2013/02/07/mailbox-for-iphone-is-the-first-email-client-built-for-our-most-personal-computers/\">six weeks ago</a>, with a reservation system that was both <a href=\"http://thenextweb.com/insider/2013/02/07/mailboxs-user-access-queue-is-a-work-of-frustrating-genius/\">inspired and frustrating</a>. Since then, it’s been <a href=\"http://thenextweb.com/insider/2013/03/15/dropbox-acquires-white-hot-mobile-email-client-mailbox/\">acquired by Dropbox</a> and announced that <a href=\"http://thenextweb.com/insider/2013/03/22/email-app-mailbox-hits-1m-reservations-filled-as-it-moves-into-its-new-office-at-dropbox/\">one million people</a> have reserved a place to use the app.</p>\n<p>Is it worth the wait though? In this poll, we’d like to find out what you think of the app if you’ve been using it for a few weeks now. Is it good enough to become your main mobile email app? Let us know!</p>\n<p>\n<div><a href=\"https://poutsch.com/question/1008817\">https://poutsch.com/question/1008817</a></div>\n<div>\n<a href=\"http://feeds.feedburner.com/~ff/TheNextWeb?a=Y6vfAo26P8Y:zGN28YVpiMQ:D7DqB2pKExk\"><img src=\"http://feeds.feedburner.com/~ff/TheNextWeb?i=Y6vfAo26P8Y:zGN28YVpiMQ:D7DqB2pKExk\" border=\"0\"></a> <a href=\"http://feeds.feedburner.com/~ff/TheNextWeb?a=Y6vfAo26P8Y:zGN28YVpiMQ:yIl2AUoC8zA\"><img src=\"http://feeds.feedburner.com/~ff/TheNextWeb?d=yIl2AUoC8zA\" border=\"0\"></a> <a href=\"http://feeds.feedburner.com/~ff/TheNextWeb?a=Y6vfAo26P8Y:zGN28YVpiMQ:V_sGLiPBpWU\"><img src=\"http://feeds.feedburner.com/~ff/TheNextWeb?i=Y6vfAo26P8Y:zGN28YVpiMQ:V_sGLiPBpWU\" border=\"0\"></a>\n</div><img src=\"http://feeds.feedburner.com/~r/TheNextWeb/~4/Y6vfAo26P8Y\" height=\"1\" width=\"1\"></p>"
    },
    "author" : "Martin Bryant",
    "comments" : [ ],
    "annotations" : [ ],
    "origin" : {
      "streamId" : "feed/http://feeds2.feedburner.com/TheNextWeb",
      "title" : "The Next Web",
      "htmlUrl" : "http://thenextweb.com"
    }
  }, {
    "isReadStateLocked" : true,
    "crawlTimeMsec" : "1363644317388",
    "timestampUsec" : "1363644317388423",
    "id" : "tag:google.com,2005:reader/item/39ce6f39dca463e9",
    "categories" : [ "user/12202454891883194135/state/com.google/read", "user/12202454891883194135/state/com.google/starred", "Girls Just Wanna Have Fun", "feminism", "Tavi Gevinson", "TED Talks", "women in film", "women in television" ],
    "title" : "This Girl Will Probably Be My Boss One Day. I Don’t Mind. [VIDEO]",
    "published" : 1363643257,
    "updated" : 1363643257,
    "alternate" : [ {
      "href" : "http://www.themarysue.com/tavi-gevinson-ted/",
      "type" : "text/html"
    } ],
    "content" : {
      "direction" : "ltr",
      "content" : "<p><iframe width=\"600\" height=\"338\" src=\"http://www.youtube.com/embed/6osiBvQ-RRg\" frameborder=\"0\"></iframe></p>\n<p>I actually didn’t know these were a thing until today but apparently there’s TED Talks by teenagers. Anyway, I’m glad the first one I watched blew me away. Editor-in-chief and founder of <a href=\"http://rookiemag.com/\">RookieMag.com</a> is 15-year-old <strong>Tavi Gevinson</strong> (also read her work at <a href=\"http://www.thestylerookie.com/\">thestylerookie.com</a>). Listen to her talk about fictional female characters and what they mean for real women, figuring out who she is, helping others do the same, and just being an all-around intelligent and thoughtful woman with smart things to say. </p>\n<p>(via <a href=\"http://www.upworthy.com/ive-never-met-a-15-year-old-and-thought-shes-gonna-run-the-world-one-day-yet-her?c=upw1\">Upworthy</a>)</p>\n<p><em>Are you following The Mary Sue on <a href=\"https://twitter.com/#!/TheMarySue/\">Twitter</a>, <a href=\"http://www.facebook.com/themarysue\">Facebook</a>, <a href=\"http://themarysue.tumblr.com/\">Tumblr</a>, <a href=\"http://pinterest.com/themarysue/\">Pinterest</a>, &amp; <a href=\"https://plus.google.com/100214857885073188302/posts\">Google +</a>?</em></p>"
    },
    "author" : "Jill Pantozzi",
    "comments" : [ ],
    "annotations" : [ ],
    "origin" : {
      "streamId" : "feed/http://www.themarysue.com/feed/",
      "title" : "The Mary Sue",
      "htmlUrl" : "http://www.themarysue.com"
    }
  }, {
    "isReadStateLocked" : true,
    "crawlTimeMsec" : "1363631928331",
    "timestampUsec" : "1363631928331656",
    "id" : "tag:google.com,2005:reader/item/49bc5fc033265914",
    "categories" : [ "user/12202454891883194135/state/com.google/feedly.inlined", "user/12202454891883194135/state/com.google/kept-unread", "user/12202454891883194135/state/com.google/read", "user/12202454891883194135/state/com.google/starred" ],
    "title" : "More powerful tools for small business and self-service advertisers",
    "published" : 1363631820,
    "updated" : 1363631872,
    "replies" : [ {
      "href" : "http://advertising.twitter.com/feeds/3077409197544558834/comments/default",
      "title" : "Post Comments",
      "type" : "application/atom+xml"
    }, {
      "href" : "http://advertising.twitter.com/2013/03/More-powerful-tools-for-small-business-and-self-service-advertisers.html#comment-form",
      "title" : "0 Comments",
      "type" : "text/html"
    } ],
    "alternate" : [ {
      "href" : "http://advertising.twitter.com/2013/03/More-powerful-tools-for-small-business-and-self-service-advertisers.html",
      "type" : "text/html"
    } ],
    "content" : {
      "direction" : "ltr",
      "content" : "<div>When we created our self-service platform for Twitter Ads, we focused on crafting an experience that would be powerful but also insanely simple for any business to use, from<a href=\"https://business.twitter.com/success-stories/whipped-bakeshop\"> <span>your local bakery</span></a> to<a href=\"https://business.twitter.com/success-stories/monterey-county\"> <span>larger enterprises</span></a> using multiple marketing channels. It’s been available by invitation only in the United States since<a href=\"http://advertising.twitter.com/2012/03/opening-up-twitter-advertising-for.html\"> <span>last March</span></a>, and already thousands of businesses are seeing encouraging results.</div><div><br></div><div>As we listened to feedback, two requests kept coming up: marketers wanted access to more robust targeting tools, as well as a pathway to all the bells and whistles of our advanced interface if they desired it.</div><div><br></div><div>Today we’re happy to announce that both features are going live.</div><div><br></div><div><b>New targeting options</b></div><div><br></div><div>Our self-service advertisers can now target interests in two specific ways. First, they can target users with the same interests as followers of @usernames. For example, if a golf pro shop were promoting itself, it might target users who are similar to those who follow @GolfDigestMag, @GolfChannel or even a former professional golfer like Annika Sorenstam (@ANNIKA59).</div><div><br></div><div style=\"clear:both;text-align:center\"><a href=\"http://2.bp.blogspot.com/-H7jBUYfndjc/UUc3CHwqQnI/AAAAAAAAAV8/7lq4sY7hukw/s1600/Golf_Interests.png\" style=\"margin-left:1em;margin-right:1em\"><img border=\"0\" height=\"115\" src=\"http://2.bp.blogspot.com/-H7jBUYfndjc/UUc3CHwqQnI/AAAAAAAAAV8/7lq4sY7hukw/s400/Golf_Interests.png\" width=\"400\"></a></div><div><br></div><div>They can also choose from a wide-ranging list of over 350 interest categories—from auto racing to birdwatching (or in this case, golf). By targeting people’s interests, advertisers can tailor their messages to reach those most likely to engage with them.</div><div><br></div><div>In addition to these interest targeting options, self-service advertisers can now specify the exact devices and platforms to have Promoted Tweets display. This means a game developer can choose to target Android devices with campaigns to download Android-specific apps with their campaign, and Apple devices to drive them to the App Store. We’ve also added the ability to target by gender (which we<a href=\"http://advertising.twitter.com/2012/10/gender-targeting-for-promoted-products.html\"> <span>extrapolate using public user signals</span></a>) for situations where marketers want to reach specifically men or women.</div><div><br></div><div style=\"clear:both;text-align:center\"><a href=\"http://1.bp.blogspot.com/-ZmykKTe6cTo/UUc22EUAcYI/AAAAAAAAAV0/P1whFZPl72k/s1600/Device_Gender_Targeting.png\" style=\"margin-left:1em;margin-right:1em\"><img border=\"0\" height=\"181\" src=\"http://1.bp.blogspot.com/-ZmykKTe6cTo/UUc22EUAcYI/AAAAAAAAAV0/P1whFZPl72k/s400/Device_Gender_Targeting.png\" width=\"400\"></a></div><div><br></div><div><br></div><div><b>Access to our advanced interface</b></div><div><br></div><div>Self-service advertisers who are more experienced with online advertising can now choose to use our<a href=\"http://advertising.twitter.com/2013/03/The-new-Twitter-Ads-center.html\"> <span>advanced interface’s</span></a> deeper campaign controls, detailed reporting and analytics, and multi-campaign optimization, which help them run more complex campaigns and optimize in real time. The pricing remains the same, and you can start and stop campaigns at any time in both interfaces.</div><div><br></div><div>New advertisers can switch to the advanced interface by signing in to ads.twitter.com, setting up their first advertising campaign, entering their billing information, and selecting the option to switch to the advanced interface. Existing advertisers will find a new link titled “Switch to Advanced” at the top of their dashboard once logging in.</div><div><br></div><div>Our self-service advertising platform is only available by invitation to U.S.-based businesses right now, with international expansion to start later this year. If you’d like to become an advertiser, please visit our <a href=\"https://business.twitter.com/products/twitter-ads-self-service\"><span>self-service site</span></a> on business.twitter.com. We’re excited to see how you use these new capabilities.</div><div><br></div><div>Ravi Narasimhan - @ravi</div><div>Product Manager, Revenue</div>"
    },
    "author" : "@TwitterAds",
    "comments" : [ ],
    "annotations" : [ ],
    "origin" : {
      "streamId" : "feed/http://advertising.twitter.com/feeds/posts/default",
      "title" : "Twitter Blog Feed",
      "htmlUrl" : "https://blog.twitter.com/company"
    }
  }, {
    "isReadStateLocked" : true,
    "crawlTimeMsec" : "1350306445288",
    "timestampUsec" : "1350306445288288",
    "id" : "tag:google.com,2005:reader/item/7e34dc653ec98b37",
    "categories" : [ "user/12202454891883194135/state/com.google/starred", "user/12202454891883194135/state/com.google/read", "Space", "Blogs" ],
    "title" : "Will you see your oldest moon yet before sunrise October 14?",
    "published" : 1350168804,
    "updated" : 1350168804,
    "alternate" : [ {
      "href" : "http://earthsky.org/space/will-you-see-your-oldest-moon-yet-before-sunrise-october-14",
      "type" : "text/html"
    } ],
    "content" : {
      "direction" : "ltr",
      "content" : "<img align=\"left\" src=\"http://en.es-static.us/upl/2012/10/moon_waning_crescent_10-13-2012_VegaStar_Carpentier_Paris_cropped-150x150.jpg\" alt=\"\" width=\"150\" height=\"150\"><p><strong>What is an <em>old</em> moon?</strong>  It’s the nickname for a moon that has waned to become a slim crescent visible in the east before dawn.  The <a href=\"http://earthsky.org/moon-phases/waning-crescent\">waning moon</a> on the morning of October 14, 2012 might be your oldest moon yet.  That is, it might be closer to <a href=\"http://earthsky.org/moon-phases/new-moon\">the new moon phase</a> than any moon you’ve seen so far.  If you do spot it – in the east, very shortly before sunup – you’ll be glad you looked.  An old moon is fragile and beautiful, with its illuminated portion just visible against a background of morning twilight.  Set your alarm, and check out the old moon tomorrow!</p>\n<p><strong>Why is October 14 a good time to see an old moon?</strong>  There are two reasons.  First, the moon will be new, or most nearly between the Earth and sun for this month, on October 15 at 12:02 <a href=\"http://earthsky.org/astronomy-essentials/universal-time\">UTC</a>.  That’s October 15 at 7:02 a.m. CDT in the central United States, within an hour of sunrise in many places.  </p>\n<p><a href=\"http://earthsky.org/astronomy-essentials/universal-time\">Translate Universal Time to your local time</a></p>\n<p><a href=\"http://www.sunrisesunset.com/\">Custom sunrise sunset calculator for locations worldwide</a></p>\n<div style=\"width:590px\"><a href=\"http://en.es-static.us/upl/2012/10/moon_waning_crescent_10-13-2012_VegaStar_Carpentier_Paris-e1350167255707.jpeg\"><img src=\"http://en.es-static.us/upl/2012/10/moon_waning_crescent_10-13-2012_VegaStar_Carpentier_Paris-e1350167255707.jpeg\" alt=\"\" title=\"moon_waning_crescent_10-13-2012_VegaStar_Carpentier_Paris\" width=\"580\"></a><p>Old moon seen on the morning of October 13, 2012 by <a href=\"http://facebook.com/earthsky\">EarthSky Facebook</a> friend VegaStar Carpentier in Paris.  The moon on the morning of October 14, 2012 will be even closer to the sunrise, even thinner – amazingly, even more beautiful than this.  Thank you, VegaStar!  <a href=\"http://en.es-static.us/upl/2012/10/moon_waning_crescent_10-13-2012_VegaStar_Carpentier_Paris-e1350167255707.jpeg\">Click here to expand this image.</a></p></div>\n<p>In other words, the moon as seen from the central U.S. tomorrow – October 14, 2012 – in the hour before dawn will be about 24 hours from new.  It’s easy to spot a moon 24 hours from new, but you have to look for it!  Again, east before dawn is the place to look.  You’ll want a clear shot to the horizon in the eastern direction.  The moon won’t be very high in the sky when the sun rises, so trees or tall buildings will obscure the moon from view.</p>\n<p>That brings us to reason #2 that tomorrow is a good time to seek your oldest moon yet.  At this time of year, as seen from the Northern Hemisphere, the <a href=\"http://earthsky.org/astronomy-essentials/what-is-the-ecliptic\">ecliptic</a> – or path of the sun, moon and planets – stands nearly perpendicular to the predawn horizon.  That means that, from the Northern Hemisphere, this is the best time of year to see old moons because their distance from the sunrise is nearly all straight up above the sunrise, rather than to one side.</p>\n<div style=\"width:590px\"><a href=\"http://en.es-static.us/upl/2012/10/Venus_moon_10-13-2012_Los-Angeles_Peter_Rodney_Breaux.jpeg\"><img src=\"http://en.es-static.us/upl/2012/10/Venus_moon_10-13-2012_Los-Angeles_Peter_Rodney_Breaux-e1350169326394.jpeg\" alt=\"\" title=\"Venus_moon_10-13-2012_Los Angeles_Peter_Rodney_Breaux\" width=\"580\" height=\"401\"></a><p>Old moon and Venus over Los Angeles – October 13, 2012 – as seen by <a href=\"http://facebook.com/earthsky\">EarthSky Facebook</a> friend Peter Rodney Breaux.</p></div>\n<p><strong>What will the old moon look like?</strong>  You’ve seen crescent moons.  They show only a thin portion of their lighted halves, a thin crescent, and the darkened portion of the moon glows faintly with <a href=\"http://earthsky.org/space/what-is-earthshine\">earthshine</a>.  But it’s not likely you’ll see moon less than 20 hours from the new phase; it’s typically too thin and too close to the sun’s glare to see unless your sky conditions are perfect.  But tomrrow’s moon is not less than 20 hours old (unless you’re on a boat somewhere in the Pacific Ocean).  No matter where you live on the globe , the moon you’ll see tomorrow will just old enough to give you a fairly easy, but still magnificent view of an old moon.  It might not set a record for oldest moon ever seen.  But it might set <em>your</em> personal record for the oldest moon <em>you’ve</em> ever seen: your least illuminated crescent ever.</p>\n<p><strong>What’s the oldest moon anyone has ever seen?</strong>  I don’t know the answer to this question.  But I can tell you about young moons, which are thin crescent moons seen in the west after sunset.  A reliable record for youngest moon belongs to Stephen James O’Meara who saw the young crescent with the unaided eye 15 hours and 32 minutes after new moon in May 1990.</p>\n<p><a href=\"http://earthsky.org/space/young-moon-visibility\">What is the youngest moon you can see?</a></p>\n<div style=\"width:590px\"><a href=\"http://en.es-static.us/upl/2012/10/moon_waning_10-13-2012_Nipun_Wickramasekara.jpeg\"><img src=\"http://en.es-static.us/upl/2012/10/moon_waning_10-13-2012_Nipun_Wickramasekara-e1350169099381.jpeg\" alt=\"\" title=\"moon_waning_10-13-2012_Nipun_Wickramasekara\" width=\"580\" height=\"435\"></a><p>Old moon on October 13, 2012 from our friend Nipun Wickramasekara in Colombo, Sri Lanka.</p></div>\n<p>Bottom line:  For most of us around the world on October 14, 2012, the moon will be about a day away from the new phase, which comes on October 15.  That means the moon will be a very fragile and beautiful crescent in the east before dawn.  Watch for it!  It might be the <em>least illuminated</em> moon you’ve ever seen.  And, by the way, if you do see it, the bright object just above it is Venus!</p>\n<p><a href=\"http://earthsky.org/lunar-calendar-buy-now\">Support EarthSky!  Buy an EarthSky 2013 moon calendar.</a></p>"
    },
    "author" : "Deborah Byrd",
    "comments" : [ ],
    "annotations" : [ ],
    "origin" : {
      "streamId" : "feed/http://earthsky.org/feed",
      "title" : "EarthSky",
      "htmlUrl" : "http://earthsky.org"
    }
  }, {
    "isReadStateLocked" : true,
    "crawlTimeMsec" : "1350040138236",
    "timestampUsec" : "1350040138236831",
    "id" : "tag:google.com,2005:reader/item/3ebc75cdcaaf99a3",
    "categories" : [ "user/12202454891883194135/state/com.google/read", "user/12202454891883194135/state/com.google/starred", "user/12202454891883194135/state/com.google/tracking-item-link-used", "Space & Earth" ],
    "title" : "Hubble sees a planetary nebula in the making",
    "published" : 1350040914,
    "updated" : 1350040914,
    "alternate" : [ {
      "href" : "http://phys.org/news269241707.html",
      "type" : "text/html"
    } ],
    "summary" : {
      "direction" : "ltr",
      "content" : "(Phys.org)—The Universe is filled with mysterious objects. Many of them are as strange as they are beautiful. Among these, planetary nebulae are probably one of the most fascinating objects to behold in the night sky. No other type of object has such a large variety of shapes and structures. The NASA/ESA Hubble Space Telescope provided us with a striking image of Hen 3-1475, a planetary nebula in the making."
    },
    "comments" : [ ],
    "annotations" : [ ],
    "origin" : {
      "streamId" : "feed/http://phys.org/rss-feed/",
      "title" : "Phys.org - latest science and technology news stories",
      "htmlUrl" : "http://phys.org/"
    }
  }, {
    "isReadStateLocked" : true,
    "crawlTimeMsec" : "1350026193928",
    "timestampUsec" : "1350026193928692",
    "id" : "tag:google.com,2005:reader/item/97235076395a042b",
    "categories" : [ "user/12202454891883194135/state/com.google/read", "user/12202454891883194135/state/com.google/starred", "user/12202454891883194135/state/com.google/tracking-item-link-used", "Physics" ],
    "title" : "Half-century-long quest to observe chemical reactions in quantum realm achieved",
    "published" : 1349982020,
    "updated" : 1349982020,
    "alternate" : [ {
      "href" : "http://phys.org/news269181185.html",
      "type" : "text/html"
    } ],
    "summary" : {
      "direction" : "ltr",
      "content" : "At very low temperatures, close to absolute zero, chemical reactions may proceed at a much higher rate than classical chemistry says they should – because in this extreme chill, quantum effects enter the picture. A Weizmann Institute team has now confirmed this experimentally; their results would not only provide insight into processes in the intriguing quantum world in which particles act as waves, it might explain how chemical reactions occur in the vast frigid regions of interstellar space."
    },
    "comments" : [ ],
    "annotations" : [ ],
    "origin" : {
      "streamId" : "feed/http://phys.org/rss-feed/",
      "title" : "Phys.org - latest science and technology news stories",
      "htmlUrl" : "http://phys.org/"
    }
  }, {
    "isReadStateLocked" : true,
    "crawlTimeMsec" : "1350026162339",
    "timestampUsec" : "1350026162339713",
    "id" : "tag:google.com,2005:reader/item/1fb011f1ad48fafa",
    "categories" : [ "user/12202454891883194135/state/com.google/read", "user/12202454891883194135/state/com.google/starred", "user/12202454891883194135/state/com.google/tracking-item-link-used", "Space & Earth" ],
    "title" : "Bouncing on Titan",
    "published" : 1349978718,
    "updated" : 1349978718,
    "alternate" : [ {
      "href" : "http://phys.org/news269179501.html",
      "type" : "text/html"
    } ],
    "summary" : {
      "direction" : "ltr",
      "content" : "(Phys.org)—ESA's Huygens probe bounced, slid and wobbled its way to rest in the 10 seconds after touching down on Saturn's moon, Titan, in January 2005, a new analysis reveals. The findings provide novel insight into the nature of the moon's surface."
    },
    "comments" : [ ],
    "annotations" : [ ],
    "origin" : {
      "streamId" : "feed/http://phys.org/rss-feed/",
      "title" : "Phys.org - latest science and technology news stories",
      "htmlUrl" : "http://phys.org/"
    }
  }, {
    "isReadStateLocked" : true,
    "crawlTimeMsec" : "1344877514990",
    "timestampUsec" : "1344877514990624",
    "id" : "tag:google.com,2005:reader/item/b0095d2311741430",
    "categories" : [ "user/12202454891883194135/state/com.google/read", "user/12202454891883194135/state/com.google/starred", "technologyNews" ],
    "title" : "Apple expert shines light on Samsung sales in U.S.",
    "published" : 1344896883,
    "updated" : 1344896883,
    "alternate" : [ {
      "href" : "http://feeds.reuters.com/~r/reuters/technologyNews/~3/YwnWiyrwMHk/us-apple-samsung-idUSBRE87C0SC20120813",
      "type" : "text/html"
    } ],
    "canonical" : [ {
      "href" : "http://www.reuters.com/article/2012/08/13/us-apple-samsung-idUSBRE87C0SC20120813?feedType=RSS&feedName=technologyNews"
    } ],
    "summary" : {
      "direction" : "ltr",
      "content" : "SAN JOSE (Reuters) - Apple Inc is claiming that more than a quarter of Samsung Electronics' $30.4 billion in U.S. smartphone and tablet sales result from copying of the iPhone and iPad or infringe on other patents, a damages expert for the U.S. company said on Monday.<div>\n<a href=\"http://feeds.reuters.com/~ff/reuters/technologyNews?a=YwnWiyrwMHk:S6w3ACVw9Ts:yIl2AUoC8zA\"><img src=\"http://feeds.feedburner.com/~ff/reuters/technologyNews?d=yIl2AUoC8zA\" border=\"0\"></a> <a href=\"http://feeds.reuters.com/~ff/reuters/technologyNews?a=YwnWiyrwMHk:S6w3ACVw9Ts:V_sGLiPBpWU\"><img src=\"http://feeds.feedburner.com/~ff/reuters/technologyNews?i=YwnWiyrwMHk:S6w3ACVw9Ts:V_sGLiPBpWU\" border=\"0\"></a> <a href=\"http://feeds.reuters.com/~ff/reuters/technologyNews?a=YwnWiyrwMHk:S6w3ACVw9Ts:-BTjWOF_DHI\"><img src=\"http://feeds.feedburner.com/~ff/reuters/technologyNews?i=YwnWiyrwMHk:S6w3ACVw9Ts:-BTjWOF_DHI\" border=\"0\"></a>\n</div><img src=\"http://feeds.feedburner.com/~r/reuters/technologyNews/~4/YwnWiyrwMHk\" height=\"1\" width=\"1\">"
    },
    "comments" : [ ],
    "annotations" : [ ],
    "origin" : {
      "streamId" : "feed/http://feeds.reuters.com/reuters/technologyNews",
      "title" : "Reuters: Technology News",
      "htmlUrl" : "http://www.reuters.com"
    }
  }, {
    "isReadStateLocked" : true,
    "crawlTimeMsec" : "1334820097971",
    "timestampUsec" : "1334820097971327",
    "id" : "tag:google.com,2005:reader/item/59bc18277347db50",
    "categories" : [ "user/12202454891883194135/state/com.google/read", "user/12202454891883194135/state/com.google/starred" ],
    "title" : "The First Analysis Of The Web: Vague, But Exciting",
    "published" : 1334818740,
    "updated" : 1334818740,
    "alternate" : [ {
      "href" : "http://www.techdirt.com/articles/20120416/12285718511/first-analysis-web-vague-exciting.shtml",
      "type" : "text/html"
    } ],
    "summary" : {
      "direction" : "ltr",
      "content" : "It's pretty common knowledge that Tim Berners-Lee is credited as the inventor of the World Wide Web, which we all know and love today.  However, if you haven't ever done so, it's actually quite fun to read through <a href=\"http://www.w3.org/History/1989/proposal.html\">his original proposal for the web</a>, as a new way for managing information.  Here's a snippet:\n<blockquote><i>\nIn providing a system for manipulating this sort of information, the hope would be to allow a pool of information to develop which could grow and evolve with the organisation and the projects it describes. For this to be possible, the method of storage must not place its own restraints on the information. This is why a \"web\" of notes with links (like references) between them is far more useful than a fixed hierarchical system. When describing a complex system, many people resort to diagrams with circles and arrows. Circles and arrows leave one free to describe the interrelationships between things in a way that tables, for example, do not. The system we need is like a diagram of circles and arrows, where circles and arrows can stand for anything.\n<br><br>\nWe can call the circles nodes, and the arrows links. Suppose each node is like a small note, summary article, or comment. I'm not over concerned here with whether it has text or graphics or both. Ideally, it represents or describes one particular person or object\n</i></blockquote>\nBut perhaps even cooler, as pointed out to us by <a href=\"https://twitter.com/#!/mathewi/statuses/191337108252794880\">Mathew Ingram</a>, is an image of <a href=\"http://info.cern.ch/Proposal.html\">the <i>actual</i> physical copy</a> of the first version of this proposal that Berners-Lee gave his boss, Mike Sendall.  At the top of the cover Sendall scribbled, \"Vague, but exciting.\"\n<center>\n<a href=\"http://imgur.com/Nn2Lh\"><img src=\"http://i.imgur.com/Nn2Lh.gif\" width=\"500\"></a>\n</center>\nAmusingly, one could argue that description still applies -- and, in fact, is part of the reason why the web has been so phenomenally successful.  Its amazing openness may have been \"vague\" but it was also that vagueness and openness that not only made the web so exciting, but made it possible for the rest of the world to fill in details to make it do whatever people wanted.<br><br><a href=\"http://www.techdirt.com/articles/20120416/12285718511/first-analysis-web-vague-exciting.shtml\">Permalink</a> | <a href=\"http://www.techdirt.com/articles/20120416/12285718511/first-analysis-web-vague-exciting.shtml#comments\">Comments</a> | <a href=\"http://www.techdirt.com/articles/20120416/12285718511/first-analysis-web-vague-exciting.shtml?op=sharethis\">Email This Story</a><br>\n <br style=\"clear:both\">\n<br style=\"clear:both\">\n<a href=\"http://ads.pheedo.com/click.phdo?s=1afb837a09355cfee152187936987af3&amp;p=1\"><img alt=\"\" style=\"border:0\" border=\"0\" src=\"http://ads.pheedo.com/img.phdo?s=1afb837a09355cfee152187936987af3&amp;p=1\"></a>\n<img alt=\"\" height=\"0\" width=\"0\" border=\"0\" src=\"http://tags.bluekai.com/site/5148\"><img alt=\"\" height=\"0\" width=\"0\" border=\"0\" src=\"http://insight.adsrvr.org/track/evnt/?ct=0:8pyu3gz&amp;adv=wouzn4v&amp;fmt=3\"><div>\n<a href=\"http://feeds.feedburner.com/~ff/techdirt/feed?a=E278hAIKZ90:jPUBqCg9sG0:D7DqB2pKExk\"><img src=\"http://feeds.feedburner.com/~ff/techdirt/feed?i=E278hAIKZ90:jPUBqCg9sG0:D7DqB2pKExk\" border=\"0\"></a> <a href=\"http://feeds.feedburner.com/~ff/techdirt/feed?a=E278hAIKZ90:jPUBqCg9sG0:c-S6u7MTCTE\"><img src=\"http://feeds.feedburner.com/~ff/techdirt/feed?d=c-S6u7MTCTE\" border=\"0\"></a>\n</div><img src=\"http://feeds.feedburner.com/~r/techdirt/feed/~4/E278hAIKZ90\" height=\"1\" width=\"1\">"
    },
    "author" : "Mike Masnick",
    "comments" : [ ],
    "annotations" : [ ],
    "origin" : {
      "streamId" : "feed/http://www.techdirt.com/techdirt_rss.xml",
      "title" : "Techdirt.",
      "htmlUrl" : "http://www.techdirt.com/"
    }
  }, {
    "isReadStateLocked" : true,
    "crawlTimeMsec" : "1332417575884",
    "timestampUsec" : "1332417575884395",
    "id" : "tag:google.com,2005:reader/item/ee7ecb6ad3fd812c",
    "categories" : [ "user/12202454891883194135/state/com.google/read", "user/12202454891883194135/state/com.google/starred", "user/12202454891883194135/state/com.google/tracking-item-link-used", "Insider", "Uncategorized", "BitTorrent", "case", "download", "Florida", "judge", "Troll" ],
    "title" : "Miami judge signs order calling torrenting “protected anonymous speech”, then vacates it",
    "published" : 1332370302,
    "updated" : 1332370302,
    "enclosure" : [ {
      "href" : "http://cdn.thenextweb.com/wp-content/blogs.dir/1/files/2012/03/1822299929_c16c8572ac_z-520x245.jpg",
      "type" : "image/jpeg",
      "length" : "0"
    } ],
    "alternate" : [ {
      "href" : "http://feedproxy.google.com/~r/TheNextWeb/~3/HvWYybc2QFY/",
      "type" : "text/html"
    } ],
    "canonical" : [ {
      "href" : "http://thenextweb.com/insider/2012/03/21/miami-judge-bittorrent-downloaders-are-engaged-in-protected-anonymous-speech/"
    } ],
    "content" : {
      "direction" : "ltr",
      "content" : "<img width=\"520\" height=\"245\" src=\"http://cdn.thenextweb.com/wp-content/blogs.dir/1/files/2012/03/1822299929_c16c8572ac_z-520x245.jpg\" alt=\"1822299929 c16c8572ac z 520x245 Miami judge signs order calling torrenting protected anonymous speech, then vacates it \" title=\"1822299929 c16c8572ac z 520x245 photo\"><br><p>According to a <a href=\"http://torrentfreak.com/judge-bittorrent-downloads-are-protected-anonymous-speech-120321/\">report by TorrentFreak</a>, a Miami judge has issued a landmark order in a case that included over 600 BitTorrent downloaders.</p>\n<p>Judge Marc Schumacher pulled no punches when discussing the way in which copyright holders are going after citizens, in essence bypassing federal courts thanks to a loophole in Florida that allows copyright holders to subpoena Internet providers with little or no evidence.  Here’s what Judge Schumacher had to say:</p>\n<blockquote><p>[These suits are].. used to extort settlements from defendants who are neither subject to the courts’ personal jurisdiction nor guilty o</p>\n<div>\n<a href=\"http://feeds.feedburner.com/~ff/TheNextWeb?a=HvWYybc2QFY:6NEKIr8Pofg:D7DqB2pKExk\"><img src=\"http://feeds.feedburner.com/~ff/TheNextWeb?i=HvWYybc2QFY:6NEKIr8Pofg:D7DqB2pKExk\" border=\"0\"></a> <a href=\"http://feeds.feedburner.com/~ff/TheNextWeb?a=HvWYybc2QFY:6NEKIr8Pofg:yIl2AUoC8zA\"><img src=\"http://feeds.feedburner.com/~ff/TheNextWeb?d=yIl2AUoC8zA\" border=\"0\"></a> <a href=\"http://feeds.feedburner.com/~ff/TheNextWeb?a=HvWYybc2QFY:6NEKIr8Pofg:V_sGLiPBpWU\"><img src=\"http://feeds.feedburner.com/~ff/TheNextWeb?i=HvWYybc2QFY:6NEKIr8Pofg:V_sGLiPBpWU\" border=\"0\"></a>\n</div><img src=\"http://feeds.feedburner.com/~r/TheNextWeb/~4/HvWYybc2QFY\" height=\"1\" width=\"1\"></blockquote>"
    },
    "author" : "Drew Olanoff",
    "comments" : [ ],
    "annotations" : [ ],
    "origin" : {
      "streamId" : "feed/http://feeds2.feedburner.com/TheNextWeb",
      "title" : "The Next Web",
      "htmlUrl" : "http://thenextweb.com"
    }
  }, {
    "isReadStateLocked" : true,
    "crawlTimeMsec" : "1329557884214",
    "timestampUsec" : "1329557884214379",
    "id" : "tag:google.com,2005:reader/item/6c790beabe3286ff",
    "categories" : [ "user/12202454891883194135/state/com.google/read", "user/12202454891883194135/state/com.google/starred", "Apple", "Apps", "hipchat", "icon", "messages" ],
    "title" : "HipChat to Apple: ‘the new Messages logo looks a little…familiar’",
    "published" : 1329499002,
    "updated" : 1329499002,
    "enclosure" : [ {
      "href" : "http://cdn.thenextweb.com/wp-content/blogs.dir/1/files/2012/02/3338084111_ba9cf2e75b_z-520x245.jpg",
      "type" : "image/jpeg",
      "length" : "0"
    } ],
    "alternate" : [ {
      "href" : "http://feedproxy.google.com/~r/TheNextWeb/~3/cLwktAYRIyg/",
      "type" : "text/html"
    } ],
    "canonical" : [ {
      "href" : "http://thenextweb.com/apps/2012/02/17/hipchat-to-apple-the-new-messages-logo-looks-a-littlefamiliar/"
    } ],
    "content" : {
      "direction" : "ltr",
      "content" : "<img width=\"520\" height=\"245\" src=\"http://cdn.thenextweb.com/wp-content/blogs.dir/1/files/2012/02/3338084111_ba9cf2e75b_z-520x245.jpg\" alt=\"3338084111 ba9cf2e75b z 520x245 HipChat to Apple: the new Messages logo looks a little…familiar\" title=\"3338084111 ba9cf2e75b z 520x245 photo\"><br><p>With all of the excitement happening surrounding Apple’s <a href=\"http://thenextweb.com/apple/2012/02/16/apple-unveils-mac-os-x-10-8-mountain-lion-as-ios-continues-its-push-to-the-desktop/\">surprise release of its latest OS</a> to developers, not everyone is stoked about Mountain Lion’s new features, specifically <a href=\"http://thenextweb.com/apple/2012/02/17/mountain-lions-new-messages-app-is-great-but-has-an-alert-overload-problem/\">Messages</a>.</p>\n<p>One company that’s not-so-pleased about the new Messages app is <a href=\"http://www.hipchat.com\">HipChat</a>, which has an iOS app by the same name for instant messaging on iDevices and desktops.  It’s not that the company is worried about Apple competing with its features so much as it was surprised by Apple’s choice of icons for the desktop app.</p>\n<p>Here’s what HipChat had to say in a blog post entitled “<a href=\"http://blog.hipchat.com/2012/02/17/they-may-just-be-chat-bubbles-but-theyre-our-chat-bubbles/\">They may just be chat bubbles, but they’re our chat bubbles</a>” today:</p>\n<blockquote><p>\nWe were excited to see Apple’s announcement of OS X 10.8 Mountain Lion this morning, especially the new iChat (now called Messages). The consumer chat space has been in serious need of innovation so we were hoping for some big changes. There might even be a few things that would inspire future HipChat releases. Unfortunately, it looks like they were the ones that got a little inspiration. As many of our users noticed, the new Messages logo looks a little…familiar.</p></blockquote>\n<p>How similar are the icons? Decide for yourself:</p>\n<p><a href=\"http://cdn.thenextweb.com/wp-content/blogs.dir/1/files/2012/02/ioqao.png\"><img src=\"http://cdn.thenextweb.com/wp-content/blogs.dir/1/files/2012/02/ioqao.png\" alt=\"ioqao HipChat to Apple: the new Messages logo looks a little…familiar\" title=\"ioqao photo\" width=\"305\" height=\"175\"></a></p>\n<p>I’d say there’s a slightly familiar feel to the two approaches in visuals.  At the end of the day though, the company is trying to take the similarity as a compliment and even takes it as a challenge to create new and better features than Apple has:</p>\n<blockquote><p>Brands are hard to create, and apparently easy to crush. We know that the spirit of what we’ve created is far greater than just our logo. To people that say “whatever man, they’re just chat bubbles”, I don’t disagree with you. It’s a common logo concept, even for services that have nothing to do with chat. They may just be chat bubbles, but they’re our chat bubbles. They’re on our products, the banner hanging in our office, and the t-shirts we wear every day. But to be honest, I look forward to the challenge of creating something new that will make them think “I wish we’d thought of that”.</p></blockquote>\n<p>Since I’m not a designer I don’t know how it feels to see something I’ve created be copied, but as a content creator I do.  It doesn’t feel so hot, and while I’m sure that Apple’s designers just went for the best possible look for the Messages icon, it must sting HipChat just a bit.</p>\n<p>The company says this has caused confusion for users, and HipChat does have a desktop version of its app, so I can see where the company is coming from with that argument.  As the company laid out in its post, its options are to “Do nothing”, “Sue the bastards!”, or “Change our icon and move on”.  It appears as if the company will choose the latter.  It’ll be interesting to see what they come up with.</p>\n<p><strong>Do you think Apple purposely copied HipChat’s icon and what should be done about it?  Tell us in the comments.</strong></p>\n<div>\n<a href=\"http://feeds.feedburner.com/~ff/TheNextWeb?a=cLwktAYRIyg:Ysr8sFpRK0A:D7DqB2pKExk\"><img src=\"http://feeds.feedburner.com/~ff/TheNextWeb?i=cLwktAYRIyg:Ysr8sFpRK0A:D7DqB2pKExk\" border=\"0\"></a> <a href=\"http://feeds.feedburner.com/~ff/TheNextWeb?a=cLwktAYRIyg:Ysr8sFpRK0A:yIl2AUoC8zA\"><img src=\"http://feeds.feedburner.com/~ff/TheNextWeb?d=yIl2AUoC8zA\" border=\"0\"></a> <a href=\"http://feeds.feedburner.com/~ff/TheNextWeb?a=cLwktAYRIyg:Ysr8sFpRK0A:V_sGLiPBpWU\"><img src=\"http://feeds.feedburner.com/~ff/TheNextWeb?i=cLwktAYRIyg:Ysr8sFpRK0A:V_sGLiPBpWU\" border=\"0\"></a>\n</div><img src=\"http://feeds.feedburner.com/~r/TheNextWeb/~4/cLwktAYRIyg\" height=\"1\" width=\"1\">"
    },
    "author" : "Drew Olanoff",
    "comments" : [ ],
    "annotations" : [ ],
    "origin" : {
      "streamId" : "feed/http://feeds2.feedburner.com/TheNextWeb",
      "title" : "The Next Web",
      "htmlUrl" : "http://thenextweb.com"
    }
  }, {
    "isReadStateLocked" : true,
    "crawlTimeMsec" : "1326541790473",
    "timestampUsec" : "1326541790473723",
    "id" : "tag:google.com,2005:reader/item/36595f5f7010fc81",
    "categories" : [ "user/12202454891883194135/state/com.google/read", "user/12202454891883194135/state/com.google/starred", "user/12202454891883194135/state/com.google/tracking-item-link-used", "Uncategorized", "Business", "internet", "Music", "music streaming", "pandora", "rdio", "sony", "spotify" ],
    "title" : "Rdio Invades Europe, Brings Unlimited Ad-Free Digital Music to Germany",
    "published" : 1326487396,
    "updated" : 1326487396,
    "alternate" : [ {
      "href" : "http://feedproxy.google.com/~r/Mashable/~3/TrowW12IpzE/",
      "type" : "text/html"
    } ],
    "canonical" : [ {
      "href" : "http://mashable.com/2012/01/13/rdio-expands-to-germany/"
    } ],
    "content" : {
      "direction" : "ltr",
      "content" : "<p><div><div style=\"float:right;margin-bottom:10px\"><a href=\"http://www.stumbleupon.com/submit?text=sdasdasd&amp;url=http://mashable.com/2012/01/13/rdio-expands-to-germany/\"><img style=\"border:none;margin-right:5px\" src=\"http://5.mshcdn.com/wp-content/themes/v7/img/share-buttons/stumbleupon.png\" align=\"right\"></a>\n<a href=\"http://digg.com/tools/diggthis/login?url=http://mashable.com/2012/01/13/rdio-expands-to-germany/&amp;title=Rdio%20Invades%20Europe,%20Brings%20Unlimited%20Ad-Free%20Digital%20Music%20to%20Germany&amp;related=true&amp;style=true\"><img style=\"border:none;margin-right:5px\" src=\"http://6.mshcdn.com/wp-content/themes/v7/img/share-buttons/diggme.png\" align=\"right\"></a>\n<a name=\"fb_share\" href=\"http://www.facebook.com/sharer.php?u=http://mashable.com/2012/01/13/rdio-expands-to-germany/&amp;src=sp\" style=\"text-decoration:none\"><img style=\"border:none;margin-right:5px\" src=\"http://6.mshcdn.com/wp-content/themes/v7/img/share-buttons/fb.jpg\" align=\"right\"></a>\n<a href=\"http://api.tweetmeme.com/share?url=http://mashable.com/2012/01/13/rdio-expands-to-germany/&amp;service=bit.ly&amp;source=mashable\"><img style=\"border:none;margin-right:5px\" width=\"51\" height=\"61\" src=\"http://api.tweetmeme.com/imagebutton.gif?url=http://mashable.com/2012/01/13/rdio-expands-to-germany/\" align=\"right\"></a></div><div style=\"float:left;margin-bottom:10px\"><img src=\"http://8.mshcdn.com/wp-content/uploads/2012/01/Rdio-Music-Player.jpg\" alt=\"Rdio-Music-Player\" title=\"Rdio-Music-Player\" width=\"275\" height=\"\"></div><div style=\"clear:both\"></div></div><br>Rdio is inching its way up to join the digital music mammoths that dominate the <a href=\"http://mashable.com/stories/mashable.com/follow/topics/music-streaming/\">online and mobile streaming world</a> — Grooveshark, Pandora, Spotify and <a href=\"http://mashable.com/2011/02/17/qriocity-music-us/\">Sony’s Music Service</a> — not only in the U.S., but internationally. </p>\n<p><a href=\"http://mashable.com/stories/mashable.com/follow/topics/music-lists/\">Music </a>lovers in Germany can now listen to ad-free, unlimited streaming music provided by <a href=\"http://mashable.com/follow/topics/rdio/\">Rdio</a>. </p>\n<p>Rdio has had its sight on Germany and Australia for expansion since last year. The company also has roots in Brazil and Canada. <a href=\"http://mashable.com/follow/topics/skype\">Skype</a> founders Niklas Zennström and Janus Friis launched Rdio in August 2010. </p>\n<p>One of Rdio’s top competitors, Spotify, which has been available in the U.S. for six months now, also has <a href=\"http://www.spotify.com/us/why-not-available/\">international</a> ranks in Finland, France, the Netherlands, Norway, Spain, Sweden and the UK. Grooveshark — with service available in 30 languages — has a huge global audience including Russia, Japan, India, Turkey, Italy, Brazil and Germany. Sony’s Music Unlimited also has a big international with availability in <a href=\"http://www.prnewswire.com/news-releases/sony-network-entertainments-music-unlimited-service-expands-to-denmark-finland-norway-and-sweden-136981128.html\">13 countries</a>, including New Zealand, Australia, the UK, Ireland, Denmark, Finland and the U.S. Pandora, however, is only available in the U.S. </p>\n<p>Rdio offers a substantial catalog, with more than 12 million songs, and gives U.S. listeners access to free, ad-free music streams. However, there is an undisclosed cap on free listening with this deal. The company chooses not to disclose the number of songs or amount of free music users have each month, but a bar on the home screen dwindles down that users can track.</p>\n<p>New listeners in Germany will get a seven-day free trial of Rdio Unlimited with an email address or <a href=\"http://www.mashable.com/category/facebook\">Facebook</a> account. Pricing and plans available include Rdio Web 4.99 EUR (web only), Rdio Unlimited 9.99 EUR (web and mobile). </p>\n<p><center><strong>SEE ALSO: <a href=\"http://mashable.com/2012/01/10/spotify-end-unlimited-free-streaming/\">Spotify to End Unlimited Free Streaming for Some Users Next Week</a></strong></center></p>\n<p>Rdio’s expansion into German markets is just another step toward further growth. “Rdio’s international expansion is an important milestone in the digital music service’s plans to continue its international expansion across the globe,” the company said in a statement. </p>\n<p>Spotify is often compared to Rdio as a competitor in the U.S. One project conducted by <a href=\"http://www.wired.com/epicenter/2011/12/spotify-vs-rdio/\"><em>Wired</em></a> lists the top 20 artists that are exclusive to each. On Rdio, exclusive artists leading the list include Bob Dylan, Pink Floyd and Bruce Springsteen. Other artists that are exclusive to Rdio include The White Stripes, Queen and Charles Mingus. </p>\n<p>Artists leading the list of artists exclusive to Spotify include My Dying Bride, Miles Davis, Candlemass, Funkadelic, The Pretty Things, and maudlin of the Well with two exclusive albums closing out the list. </p>\n<p>More About: <a href=\"http://mashable.com/tag/business/\">Business</a>, <a href=\"http://mashable.com/tag/internet/\">internet</a>, <a href=\"http://mashable.com/tag/music/\">Music</a>, <a href=\"http://mashable.com/tag/music-streaming/\">music streaming</a>, <a href=\"http://mashable.com/tag/pandora/\">pandora</a>, <a href=\"http://mashable.com/tag/rdio/\">rdio</a>, <a href=\"http://mashable.com/tag/sony/\">sony</a>, <a href=\"http://mashable.com/tag/spotify/\">spotify</a></p><p style=\"margin-top:10px\"><i>For more <a href=\"http://mashable.com/entertainment/\">Entertainment</a> coverage:</i><ul style=\"margin-top:0\"><li><a href=\"http://twitter.com/mashentertain\" rel=\"nofollow\">Follow Mashable Entertainment on Twitter</a></li><li><a href=\"http://www.facebook.com/mashable\" rel=\"nofollow\">Become a Fan on Facebook</a></li><li><a href=\"http://feeds.mashable.com/mashable/entertainment\" rel=\"nofollow\">Subscribe to the Entertainment channel</a></li><li>Download our free apps for <a href=\"http://mashable.com/2010/08/02/mashable-android-app/\" rel=\"nofollow\">Android</a>, <a href=\"http://itunes.apple.com/us/app/mashable-for-mac/id412390413?mt=12\" rel=\"nofollow\">Mac</a>, <a href=\"http://itunes.apple.com/us/app/mashable/id356202138?mt=8\" rel=\"nofollow\">iPhone</a> and <a href=\"http://itunes.apple.com/us/app/mashable-for-ipad/id370097986?mt=8\" rel=\"nofollow\">iPad</a></li></ul></p><p><iframe src=\"http://feedads.g.doubleclick.net/~ah/f/9m6h8omben53fuj7ghgrctkjc8/300/250?ca=1&amp;fh=280#http%3A%2F%2Fmashable.com%2F2012%2F01%2F13%2Frdio-expands-to-germany%2F\" width=\"100%\" height=\"280\" frameborder=\"0\" scrolling=\"no\" marginwidth=\"0\" marginheight=\"0\"></iframe></p><div>\n<a href=\"http://feeds.feedburner.com/~ff/Mashable?a=TrowW12IpzE:jJRQKdfmqtM:D7DqB2pKExk\"><img src=\"http://feeds.feedburner.com/~ff/Mashable?i=TrowW12IpzE:jJRQKdfmqtM:D7DqB2pKExk\" border=\"0\"></a> <a href=\"http://feeds.feedburner.com/~ff/Mashable?a=TrowW12IpzE:jJRQKdfmqtM:V_sGLiPBpWU\"><img src=\"http://feeds.feedburner.com/~ff/Mashable?i=TrowW12IpzE:jJRQKdfmqtM:V_sGLiPBpWU\" border=\"0\"></a> <a href=\"http://feeds.feedburner.com/~ff/Mashable?a=TrowW12IpzE:jJRQKdfmqtM:F7zBnMyn0Lo\"><img src=\"http://feeds.feedburner.com/~ff/Mashable?i=TrowW12IpzE:jJRQKdfmqtM:F7zBnMyn0Lo\" border=\"0\"></a> <a href=\"http://feeds.feedburner.com/~ff/Mashable?a=TrowW12IpzE:jJRQKdfmqtM:qj6IDK7rITs\"><img src=\"http://feeds.feedburner.com/~ff/Mashable?d=qj6IDK7rITs\" border=\"0\"></a> <a href=\"http://feeds.feedburner.com/~ff/Mashable?a=TrowW12IpzE:jJRQKdfmqtM:_e0tkf89iUM\"><img src=\"http://feeds.feedburner.com/~ff/Mashable?d=_e0tkf89iUM\" border=\"0\"></a> <a href=\"http://feeds.feedburner.com/~ff/Mashable?a=TrowW12IpzE:jJRQKdfmqtM:gIN9vFwOqvQ\"><img src=\"http://feeds.feedburner.com/~ff/Mashable?i=TrowW12IpzE:jJRQKdfmqtM:gIN9vFwOqvQ\" border=\"0\"></a> <a href=\"http://feeds.feedburner.com/~ff/Mashable?a=TrowW12IpzE:jJRQKdfmqtM:yIl2AUoC8zA\"><img src=\"http://feeds.feedburner.com/~ff/Mashable?d=yIl2AUoC8zA\" border=\"0\"></a> <a href=\"http://feeds.feedburner.com/~ff/Mashable?a=TrowW12IpzE:jJRQKdfmqtM:P0ZAIrC63Ok\"><img src=\"http://feeds.feedburner.com/~ff/Mashable?d=P0ZAIrC63Ok\" border=\"0\"></a> <a href=\"http://feeds.feedburner.com/~ff/Mashable?a=TrowW12IpzE:jJRQKdfmqtM:I9og5sOYxJI\"><img src=\"http://feeds.feedburner.com/~ff/Mashable?d=I9og5sOYxJI\" border=\"0\"></a> <a href=\"http://feeds.feedburner.com/~ff/Mashable?a=TrowW12IpzE:jJRQKdfmqtM:CC-BsrAYo0A\"><img src=\"http://feeds.feedburner.com/~ff/Mashable?d=CC-BsrAYo0A\" border=\"0\"></a> <a href=\"http://feeds.feedburner.com/~ff/Mashable?a=TrowW12IpzE:jJRQKdfmqtM:_cyp7NeR2Rw\"><img src=\"http://feeds.feedburner.com/~ff/Mashable?i=TrowW12IpzE:jJRQKdfmqtM:_cyp7NeR2Rw\" border=\"0\"></a>\n</div><img src=\"http://feeds.feedburner.com/~r/Mashable/~4/TrowW12IpzE\" height=\"1\" width=\"1\">"
    },
    "author" : "Joann Pan",
    "comments" : [ ],
    "annotations" : [ ],
    "origin" : {
      "streamId" : "feed/http://feeds2.feedburner.com/Mashable",
      "title" : "Mashable",
      "htmlUrl" : "http://mashable.com/stories/?utm_campaign=Mash-Product-RSS-Pheedo-All-Partial&utm_cid=Mash-Product-RSS-Pheedo-All-Partial&utm_medium=feed&utm_source=rss"
    }
  }, {
    "isReadStateLocked" : true,
    "crawlTimeMsec" : "1326271424176",
    "timestampUsec" : "1326271424176556",
    "id" : "tag:google.com,2005:reader/item/8b9b29406045ba0a",
    "categories" : [ "user/12202454891883194135/state/com.google/read", "user/12202454891883194135/state/com.google/starred", "This Exists", "dragonborn mandolin", "Etsy", "mandolins", "Skyrim", "ttguitars" ],
    "title" : "Dragonborn Mandolin Is Totally Something You Need to Have",
    "published" : 1326229016,
    "updated" : 1326228842,
    "replies" : [ {
      "href" : "http://www.geekosystem.com/dragonborn-mandolin/#comments",
      "type" : "text/html"
    }, {
      "href" : "http://www.geekosystem.com/dragonborn-mandolin/feed/atom/",
      "type" : "application/atom+xml"
    } ],
    "alternate" : [ {
      "href" : "http://www.geekosystem.com/dragonborn-mandolin/",
      "type" : "text/html"
    } ],
    "content" : {
      "direction" : "ltr",
      "content" : "<p style=\"text-align:center\"><a href=\"http://www.geekosystem.com/dragonborn-mandolin\"><img title=\"dragonborn mandolin\" src=\"http://static02.mediaite.com/geekosystem/uploads/2012/01/dragonborn-mandolin.jpg\" alt=\"\" width=\"456\" height=\"608\"></a></p>\n<p style=\"text-align:left\">You know the necessities of life, right? The simple <del>bear</del> bare necessities? Food, water, shelter, <strong>Dragonborn mandolin</strong>, and that’s it, if I recall correctly.<strong> <a href=\"http://www.etsy.com/shop/TTguitars?ref=top_trail\">TTguitars</a></strong> on <strong>Etsy</strong> can help you with that last one if you haven’t taken care of it yet. As pictured above, a Dragonborn mandolin is available and made to order for a mere $695. If that’s not your style and you’d prefer the stereotypical choice of an electric guitar or the more awesome choice of an electric bass, those options are available as well.</p>\n<p style=\"text-align:left\"><span></span>The model shown above is a one of kind creation — or at least it was — has a “beautiful metallic flecked silvery green finish,” a copper inlaid head and neck, and has already been sold. That being said, any commissioned work is likely to be equally awesome, and could have some cool personalization if you play your cards right. These things actually work, by the way, if you hadn’t assumed that from the start, and according to the Etsy page, they sound fantastic. So if you’re willing to shell out around $700 for the piece (maybe more for bass and guitar models), $100 or so in shipping, and wait 2-3 months for creation, <a href=\"http://www.etsy.com/listing/82894176/made-to-order-skyrim-the-elder-scrolls\">head on over to Etsy</a> and place an order. All the rest of you mortals who don’t have that kind of money to toss around can just stay here with me and salivate.</p>\n<p style=\"text-align:center\"><a href=\"http://static02.mediaite.com/geekosystem/uploads/2012/01/il_570xN.274870318.jpg\"><img title=\"il_570xN.274870318\" src=\"http://static02.mediaite.com/geekosystem/uploads/2012/01/il_570xN.274870318-550x412.jpg\" alt=\"\" width=\"550\" height=\"412\"></a></p>\n<p style=\"text-align:center\"><a href=\"http://static02.mediaite.com/geekosystem/uploads/2012/01/il_570xN.274788763.jpg\"><img title=\"il_570xN.274788763\" src=\"http://static02.mediaite.com/geekosystem/uploads/2012/01/il_570xN.274788763-412x550.jpg\" alt=\"\" width=\"412\" height=\"550\"></a></p>\n<p style=\"text-align:left\">(via <a href=\"http://www.geeksaresexy.net/2012/01/10/the-dragonborn-mandolin-pic/\">Geeks are Sexy</a>)</p>\n<p><span>Relevant to your interests</span></p>\n<ul>\n<li><a href=\"http://www.geekosystem.com/skyrim-monopoly/\"><em>Skyrim</em> monopoly</a></li>\n<li><a href=\"http://www.geekosystem.com/randy-savage-dragon/\">Randy Savage as a dragon in <em>Skyrim</em></a></li>\n<li><a href=\"http://www.geekosystem.com/skyrim-recipe-sunlight-souffle-real-life/\">Skyrim’s Sunlight Souffle in real life</a></li>\n</ul>"
    },
    "author" : "Eric Limer",
    "comments" : [ ],
    "annotations" : [ ],
    "origin" : {
      "streamId" : "feed/http://www.geekosystem.com/feed/atom/",
      "title" : "Geekosystem",
      "htmlUrl" : "http://www.geekosystem.com/"
    }
  }, {
    "isReadStateLocked" : true,
    "crawlTimeMsec" : "1268293805310",
    "timestampUsec" : "1268293805310544",
    "id" : "tag:google.com,2005:reader/item/e1620e950e015e73",
    "categories" : [ "user/12202454891883194135/state/com.google/broadcast", "user/12202454891883194135/state/com.google/like", "user/12202454891883194135/state/com.google/read", "user/12202454891883194135/state/com.google/starred", "user/12202454891883194135/state/com.google/tracking-explore-read", "Comedy", "Critical Thinking" ],
    "title" : "Generic Movie Based on the Movie They&#39;ve BeenReleasing Every Single Week Since the 1980s",
    "published" : 1268173777,
    "updated" : 1268204498,
    "alternate" : [ {
      "href" : "http://blogs.suntimes.com/scanners/2010/03/generic_movie.html",
      "type" : "text/html"
    } ],
    "content" : {
      "direction" : "ltr",
      "content" : "<p><iframe src=\"http://reader.googleusercontent.com/reader/embediframe?src=http://www.youtube.com/v/nFicqklGuB0%26hl%3Den_US%26fs%3D1%26rel%3D0&amp;width=480&amp;height=295\" width=\"480\" height=\"295\"></iframe></p>\n\n<p>This is pretty much exactly what most new indie and studio movies look like to me. Not just the Oscar-hopefuls and the Sundance selections.  And not just the trailers, but the entire movies themselves (which are usually laid out, beat by beat, in the trailers).  This one's funnier, though, because it doesn't pretend to be anything more than a familiar schematic diagram.  Which is exactly what these comfy, risk-averse movies seem to be aiming for.  </p>\n\n<p>Starring Robert Pattinson or Adam Sandler, Natalie Portman or Sandra Bullock.  Directed by Ron Howard or someone whose only previous work has been on YouTube.</p>\n\n<p><i>(tip: Max Kleger)</i></p>"
    },
    "author" : "Jim Emerson",
    "comments" : [ ],
    "annotations" : [ ],
    "origin" : {
      "streamId" : "feed/http://blogs.suntimes.com/scanners/atom.xml",
      "title" : "Scanners",
      "htmlUrl" : "http://www.rogerebert.com"
    }
  }, {
    "isReadStateLocked" : true,
    "crawlTimeMsec" : "1268293794907",
    "timestampUsec" : "1268293794907751",
    "id" : "tag:google.com,2005:reader/item/5e9133882d223720",
    "categories" : [ "user/12202454891883194135/state/com.google/broadcast", "user/12202454891883194135/state/com.google/like", "user/12202454891883194135/state/com.google/read", "user/12202454891883194135/state/com.google/starred", "user/12202454891883194135/state/com.google/tracking-explore-read", "user/12202454891883194135/state/com.google/tracking-item-link-used", "Advertising", "Design Articles", "typography", "wickedpaedia" ],
    "title" : "Typography Joke",
    "published" : 1268089232,
    "updated" : 1268089232,
    "canonical" : [ {
      "href" : "http://designyoutrust.com/2010/03/09/typography-joke/"
    } ],
    "alternate" : [ {
      "href" : "http://feedproxy.google.com/~r/dyt/~3/WCiQQJFQcQk/",
      "type" : "text/html"
    } ],
    "content" : {
      "direction" : "ltr",
      "content" : "<p><img src=\"http://designyoutrust.com/wp-content/uploads7/ComicSans.jpg\" alt=\"\" width=\"600\"></p>\n<p>From the good folks at <a href=\"http://wickedpaedia.com\" title=\"http://wickedpaedia.com\">wickedpaedia.com</a><a href=\"http://www.wickedpaedia.com\"></a></p>\n<hr noshade color=\"#cdcdcd\">\nOur Sponsors: <a href=\"http://www.2wowu.com/\">2wowu</a> - Buy or Sell PSD&#39;s &amp; Get Free $5.00 With Code: FREEFIVE\n<hr noshade color=\"#cdcdcd\">\n<small><a href=\"http://buysellads.com/buy/detail/206/\">Advertise</a> with Design You Trust! - DYT on <a href=\"http://twitter.com/designyoutrust\">Twitter</a> - <a href=\"http://www.facebook.com/pages/Design-You-Trust-Design-Blog-and-Community/9225602004\">Facebook</a></small><img src=\"http://feeds.feedburner.com/~r/dyt/~4/WCiQQJFQcQk\" height=\"1\" width=\"1\">"
    },
    "author" : "Wickedpaedia",
    "comments" : [ ],
    "annotations" : [ ],
    "origin" : {
      "streamId" : "feed/http://designyoutrust.com/feed/",
      "title" : "Design You Trust - Design Blog and Community",
      "htmlUrl" : "http://designyoutrust.com"
    }
  } ]
}